season,week,home_team,away_team,home_score,away_score,home_off_epa,away_off_epa,home_def_epa,away_def_epa,home_pass_epa,away_pass_epa,home_rush_epa,away_rush_epa,home_starters_out,away_starters_out,home_qb_out,away_qb_out,home_rest_days,away_rest_days,temp_f,wind_mph,precip_flag,home_market_ml,away_market_ml,home_market_spread,game_date,lat,lon,home_win,margin,total_points,model_home_prob,model_margin,implied_home_prob,edge,kelly_full_ml,kelly_half_ml,kelly_half_ml_capped,bet_units,cover_prob_home,edge_spread,kelly_full_spread,kelly_half_spread,kelly_half_spread_capped,bet_units_spread,market_total,model_total_points,prob_over,prob_under,edge_over,edge_under,kelly_over,kelly_under,kelly_over_capped,kelly_under_capped,bet_units_over,bet_units_under,model_margin_raw,model_home_prob_raw
2025,1,ATL,TB,20,23,,,,,,,,,0,0,0,0,,,73.1,14.0,0.0,,,,2025-09-07,33.7554,-84.4008,0,-3,43,0.5547891727715362,-9.1766394209375,,,0.0,0.0,0.0,0.0,,,0.0,0.0,0.0,0.0,,44.470505,,,,,0.0,0.0,0.0,0.0,0.0,0.0,-9.1766394209375,0.5547891727715362
2025,1,BUF,BAL,41,40,,,,,,,,,0,0,0,0,,,59.2,16.5,0.0,,,,2025-09-07,42.7738,-78.7864,1,1,81,0.6593235365181792,-4.9501415209375,,,0.0,0.0,0.0,0.0,,,0.0,0.0,0.0,0.0,,69.033615,,,,,0.0,0.0,0.0,0.0,0.0,0.0,-4.9501415209375,0.6593235365181792
2025,1,CHI,MIN,24,27,,,,,,,,,0,0,0,0,,,62.3,9.8,0.0,,,,2025-09-08,41.8623,-87.6167,0,-3,51,0.578165798547827,1.4211251790624997,,,0.0,0.0,0.0,0.0,,,0.0,0.0,0.0,0.0,,47.887207,,,,,0.0,0.0,0.0,0.0,0.0,0.0,1.4211251790625,0.578165798547827
2025,1,CLE,CIN,16,17,,,,,,,,,0,0,0,0,,,60.1,15.9,1.0,,,,2025-09-07,41.5061,-81.6995,0,-1,33,0.5062466136246551,-6.9989771509375,,,0.0,0.0,0.0,0.0,,,0.0,0.0,0.0,0.0,,32.6914,,,,,0.0,0.0,0.0,0.0,0.0,0.0,-6.9989771509375,0.5062466136246551
2025,1,DEN,TEN,20,12,,,,,,,,,0,0,0,0,,,69.5,12.4,1.0,,,,2025-09-07,39.7439,-105.0201,1,8,32,0.8290822020798552,5.014501179062499,,,0.0,0.0,0.0,0.0,,,0.0,0.0,0.0,0.0,,36.96745,,,,,0.0,0.0,0.0,0.0,0.0,0.0,5.014501179062499,0.8290822020798552
2025,1,GB,DET,27,13,,,,,,,,,0,0,0,0,,,51.0,11.4,0.0,,,,2025-09-07,44.5013,-88.0622,1,14,40,0.6867745152741301,4.8069431790625,,,0.0,0.0,0.0,0.0,,,0.0,0.0,0.0,0.0,,48.520275,,,,,0.0,0.0,0.0,0.0,0.0,0.0,4.8069431790625,0.6867745152741301
2025,1,IND,MIA,33,8,,,,,,,,,0,0,0,0,,,60.6,13.1,0.0,,,,2025-09-07,39.7601,-86.1639,1,25,41,0.6359469107418882,11.227945179062502,,,0.0,0.0,0.0,0.0,,,0.0,0.0,0.0,0.0,,38.587543,,,,,0.0,0.0,0.0,0.0,0.0,0.0,11.227945179062502,0.6359469107418882
2025,1,JAX,CAR,26,10,,,,,,,,,0,0,0,0,,,80.2,14.7,1.0,,,,2025-09-07,30.324,-81.6373,1,16,36,0.61235383665856,3.0410471790625007,,,0.0,0.0,0.0,0.0,,,0.0,0.0,0.0,0.0,,38.044308,,,,,0.0,0.0,0.0,0.0,0.0,0.0,3.0410471790625007,0.61235383665856
2025,1,LAC,KC,27,21,,,,,,,,,0,0,0,0,,,71.0,13.0,0.0,,,,2025-09-05,33.9536,-118.3392,1,6,48,0.7093235365181791,-5.0117429209375,,,0.0,0.0,0.0,0.0,,,0.0,0.0,0.0,0.0,,42.100555,,,,,0.0,0.0,0.0,0.0,0.0,0.0,-5.0117429209375,0.7093235365181791
2025,1,LAR,HOU,14,9,,,,,,,,,0,0,0,0,,,73.5,11.7,0.0,,,,2025-09-07,33.9536,-118.3392,1,5,23,0.7093235365181791,-4.3572181209375,,,0.0,0.0,0.0,0.0,,,0.0,0.0,0.0,0.0,,34.845806,,,,,0.0,0.0,0.0,0.0,0.0,0.0,-4.3572181209375,0.7093235365181791
2025,1,NE,LV,13,20,,,,,,,,,0,0,0,0,,,61.6,6.0,1.0,,,,2025-09-07,42.0909,-71.2643,0,-7,33,0.578165798547827,-9.4806465209375,,,0.0,0.0,0.0,0.0,,,0.0,0.0,0.0,0.0,,39.453316,,,,,0.0,0.0,0.0,0.0,0.0,0.0,-9.4806465209375,0.578165798547827
2025,1,NO,ARI,13,20,,,,,,,,,0,0,0,0,,,82.1,17.0,0.0,,,,2025-09-07,29.95,-90.0811,0,-7,33,0.5246085516243804,-9.7437235209375,,,0.0,0.0,0.0,0.0,,,0.0,0.0,0.0,0.0,,35.31377,,,,,0.0,0.0,0.0,0.0,0.0,0.0,-9.7437235209375,0.5246085516243804
2025,1,NYJ,PIT,32,34,,,,,,,,,0,0,0,0,,,64.9,7.2,1.0,,,,2025-09-07,40.8136,-74.0745,0,-2,66,0.5421027950077879,-10.7186812209375,,,0.0,0.0,0.0,0.0,,,0.0,0.0,0.0,0.0,,56.585606,,,,,0.0,0.0,0.0,0.0,0.0,0.0,-10.7186812209375,0.5421027950077879
2025,1,PHI,DAL,24,20,,,,,,,,,0,0,0,0,,,73.4,20.6,1.0,,,,2025-09-04,39.9008,-75.1675,1,4,44,0.7367745152741301,-2.7164438209375,,,0.0,0.0,0.0,0.0,,,0.0,0.0,0.0,0.0,,39.954308,,,,,0.0,0.0,0.0,0.0,0.0,0.0,-2.7164438209375,0.7367745152741301
2025,1,SEA,SF,13,17,,,,,,,,,0,0,0,0,,,65.2,8.9,1.0,,,,2025-09-07,47.5952,-122.3316,0,-4,30,0.578165798547827,-8.3470427209375,,,0.0,0.0,0.0,0.0,,,0.0,0.0,0.0,0.0,,39.970425,,,,,0.0,0.0,0.0,0.0,0.0,0.0,-8.3470427209375,0.578165798547827
2025,1,WAS,NYG,21,6,,,,,,,,,0,0,0,0,,,66.6,12.0,1.0,,,,2025-09-07,38.9077,-76.8645,1,15,27,0.6593235365181792,3.1627391790625,,,0.0,0.0,0.0,0.0,,,0.0,0.0,0.0,0.0,,34.615425,,,,,0.0,0.0,0.0,0.0,0.0,0.0,3.1627391790625,0.6593235365181792
2025,2,ARI,CAR,27,22,,,,,,,,,0,0,0,0,,,85.7,7.1,0.0,,,,2025-09-14,33.5276,-112.2626,1,5,49,0.61235383665856,-3.7667918209375006,,,0.0,0.0,0.0,0.0,,,0.0,0.0,0.0,0.0,,49.185352,,,,,0.0,0.0,0.0,0.0,0.0,0.0,-3.7667918209375,0.61235383665856
2025,2,BAL,CLE,41,17,,,,,,,,,0,0,0,0,,,72.8,9.3,0.0,,,,2025-09-14,39.2779,-76.6223,1,24,58,0.6679992846279966,6.857484179062499,,,0.0,0.0,0.0,0.0,,,0.0,0.0,0.0,0.0,,50.841297,,,,,0.0,0.0,0.0,0.0,0.0,0.0,6.857484179062499,0.6679992846279966
2025,2,CIN,JAX,31,27,,,,,,,,,0,0,0,0,,,73.3,7.8,0.0,,,,2025-09-14,39.0955,-84.5161,1,4,58,0.6593235365181792,-4.6956023209375,,,0.0,0.0,0.0,0.0,,,0.0,0.0,0.0,0.0,,52.191677,,,,,0.0,0.0,0.0,0.0,0.0,0.0,-4.6956023209375,0.6593235365181792
2025,2,DAL,NYG,40,37,,,,,,,,,0,0,0,0,,,83.2,12.5,0.0,,,,2025-09-14,32.7473,-97.0945,1,3,77,0.7502326241761076,-3.0781628209375,,,0.0,0.0,0.0,0.0,,,0.0,0.0,0.0,0.0,,67.928444,,,,,0.0,0.0,0.0,0.0,0.0,0.0,-3.0781628209375,0.7502326241761076
2025,2,DET,CHI,52,21,,,,,,,,,0,0,0,0,,,68.2,9.5,0.0,,,,2025-09-14,42.34,-83.0456,1,31,73,0.6959641686707365,14.2412601790625,,,0.0,0.0,0.0,0.0,,,0.0,0.0,0.0,0.0,,61.554333,,,,,0.0,0.0,0.0,0.0,0.0,0.0,14.2412601790625,0.6959641686707365
2025,2,GB,WAS,27,18,,,,,,,,,0,0,0,0,,,61.3,13.8,0.0,,,,2025-09-11,44.5013,-88.0622,1,9,45,0.5889772108822692,-2.4346378209375006,,,0.0,0.0,0.0,0.0,,,0.0,0.0,0.0,0.0,,41.041878,,,,,0.0,0.0,0.0,0.0,0.0,0.0,-2.4346378209375,0.5889772108822692
2025,2,HOU,TB,19,20,,,,,,,,,0,0,0,0,,,83.6,17.4,0.0,,,,2025-09-15,29.6847,-95.4107,0,-1,39,0.5732635787754882,-8.5823505209375,,,0.0,0.0,0.0,0.0,,,0.0,0.0,0.0,0.0,,39.338875,,,,,0.0,0.0,0.0,0.0,0.0,0.0,-8.5823505209375,0.5732635787754882
2025,2,IND,DEN,29,28,,,,,,,,,0,0,0,0,,,74.5,10.3,0.0,,,,2025-09-14,39.7601,-86.1639,1,1,57,0.7093235365181791,-4.7007843209375,,,0.0,0.0,0.0,0.0,,,0.0,0.0,0.0,0.0,,52.163597,,,,,0.0,0.0,0.0,0.0,0.0,0.0,-4.7007843209375,0.7093235365181791
2025,2,KC,PHI,17,20,,,,,,,,,0,0,0,0,,,80.2,15.5,0.0,,,,2025-09-14,39.0489,-94.4839,0,-3,37,0.6092769137650359,-5.7184949209375,,,0.0,0.0,0.0,0.0,,,0.0,0.0,0.0,0.0,,38.465965,,,,,0.0,0.0,0.0,0.0,0.0,0.0,-5.7184949209375,0.6092769137650359
2025,2,LV,LAC,9,20,,,,,,,,,0,0,0,0,,,85.0,11.3,0.0,,,,2025-09-15,36.0908,-115.183,0,-11,29,0.6092769137650359,-13.3601658209375,,,0.0,0.0,0.0,0.0,,,0.0,0.0,0.0,0.0,,36.78962,,,,,0.0,0.0,0.0,0.0,0.0,0.0,-13.3601658209375,0.6092769137650359
2025,2,MIA,NE,27,33,,,,,,,,,0,0,0,0,,,81.4,9.1,1.0,,,,2025-09-14,25.958,-80.2389,0,-6,60,0.4489068142205107,-12.6181613209375,,,0.0,0.0,0.0,0.0,,,0.0,0.0,0.0,0.0,,58.55243,,,,,0.0,0.0,0.0,0.0,0.0,0.0,-12.6181613209375,0.4489068142205107
2025,2,MIN,ATL,6,22,,,,,,,,,0,0,0,0,,,76.7,12.0,0.0,,,,2025-09-14,44.9737,-93.2575,0,-16,28,0.6104778996735442,-16.1597918209375,,,0.0,0.0,0.0,0.0,,,0.0,0.0,0.0,0.0,,31.027624,,,,,0.0,0.0,0.0,0.0,0.0,0.0,-16.1597918209375,0.6104778996735442
2025,2,NO,SF,21,26,,,,,,,,,0,0,0,0,,,81.3,8.1,0.0,,,,2025-09-14,29.95,-90.0811,0,-5,47,0.61235383665856,-10.8438777209375,,,0.0,0.0,0.0,0.0,,,0.0,0.0,0.0,0.0,,47.768456,,,,,0.0,0.0,0.0,0.0,0.0,0.0,-10.8438777209375,0.61235383665856
2025,2,NYJ,BUF,10,30,,,,,,,,,0,0,0,0,,,72.3,9.0,0.0,,,,2025-09-14,40.8136,-74.0745,0,-20,40,0.5013766816883909,-21.7284138209375,,,0.0,0.0,0.0,0.0,,,0.0,0.0,0.0,0.0,,45.432106,,,,,0.0,0.0,0.0,0.0,0.0,0.0,-21.7284138209375,0.5013766816883909
2025,2,PIT,SEA,17,31,,,,,,,,,0,0,0,0,,,70.9,8.1,0.0,,,,2025-09-14,40.4468,-80.0158,0,-14,48,0.5591819278031218,-18.469956820937497,,,0.0,0.0,0.0,0.0,,,0.0,0.0,0.0,0.0,,45.1714,,,,,0.0,0.0,0.0,0.0,0.0,0.0,-18.469956820937497,0.5591819278031218
2025,2,TEN,LAR,19,33,,,,,,,,,0,0,0,0,,,77.7,6.8,1.0,,,,2025-09-14,36.1665,-86.7713,0,-14,52,0.3458765140801298,-20.348244820937506,,,0.0,0.0,0.0,0.0,,,0.0,0.0,0.0,0.0,,51.944893,,,,,0.0,0.0,0.0,0.0,0.0,0.0,-20.348244820937506,0.3458765140801298
2025,3,BAL,DET,30,38,,,,,,,,,0,0,0,0,,,67.9,10.2,0.0,,,,2025-09-22,39.2779,-76.6223,0,-8,68,0.6092769137650359,-6.4225347209375,,,0.0,0.0,0.0,0.0,,,0.0,0.0,0.0,0.0,,58.39883,,,,,0.0,0.0,0.0,0.0,0.0,0.0,-6.4225347209375,0.6092769137650359
2025,3,BUF,MIA,31,21,,,,,,,,,0,0,0,0,,,66.1,14.6,0.0,,,,2025-09-18,42.7738,-78.7864,1,10,52,0.7093235365181791,1.8324811790624995,,,0.0,0.0,0.0,0.0,,,0.0,0.0,0.0,0.0,,49.181908,,,,,0.0,0.0,0.0,0.0,0.0,0.0,1.8324811790624995,0.7093235365181791
2025,3,CAR,ATL,30,0,,,,,,,,,0,0,0,0,,,75.9,8.9,0.0,,,,2025-09-21,35.2251,-80.8526,1,30,30,0.685404717090689,14.560936179062502,,,0.0,0.0,0.0,0.0,,,0.0,0.0,0.0,0.0,,36.87272,,,,,0.0,0.0,0.0,0.0,0.0,0.0,14.560936179062502,0.685404717090689
2025,3,CHI,DAL,31,14,,,,,,,,,0,0,0,0,,,73.6,12.4,1.0,,,,2025-09-21,41.8623,-87.6167,1,17,45,0.8290822020798552,6.0374931790625,,,0.0,0.0,0.0,0.0,,,0.0,0.0,0.0,0.0,,41.34902,,,,,0.0,0.0,0.0,0.0,0.0,0.0,6.0374931790625,0.8290822020798552
2025,3,CLE,GB,13,10,,,,,,,,,0,0,0,0,,,71.3,21.7,1.0,,,,2025-09-21,41.5061,-81.6995,1,3,23,0.7173736325531829,-5.0650264209375,,,0.0,0.0,0.0,0.0,,,0.0,0.0,0.0,0.0,,31.580778,,,,,0.0,0.0,0.0,0.0,0.0,0.0,-5.0650264209375,0.7173736325531829
2025,3,JAX,HOU,17,10,,,,,,,,,0,0,0,0,,,78.3,14.8,0.0,,,,2025-09-21,30.324,-81.6373,1,7,27,0.6730008116989958,-0.8214952209375002,,,0.0,0.0,0.0,0.0,,,0.0,0.0,0.0,0.0,,33.51541,,,,,0.0,0.0,0.0,0.0,0.0,0.0,-0.8214952209374999,0.6730008116989958
2025,3,LAC,DEN,23,20,,,,,,,,,0,0,0,0,,,69.5,13.0,0.0,,,,2025-09-21,33.9536,-118.3392,1,3,43,0.7093235365181791,-1.7029698209374995,,,0.0,0.0,0.0,0.0,,,0.0,0.0,0.0,0.0,,41.84145,,,,,0.0,0.0,0.0,0.0,0.0,0.0,-1.7029698209374995,0.7093235365181791
2025,3,MIN,CIN,48,10,,,,,,,,,0,0,0,0,,,68.8,10.9,1.0,,,,2025-09-21,44.9737,-93.2575,1,38,58,0.6867745152741301,23.5336701790625,,,0.0,0.0,0.0,0.0,,,0.0,0.0,0.0,0.0,,57.754276,,,,,0.0,0.0,0.0,0.0,0.0,0.0,23.5336701790625,0.6867745152741301
2025,3,NE,PIT,14,21,,,,,,,,,0,0,0,0,,,52.5,8.7,0.0,,,,2025-09-21,42.0909,-71.2643,0,-7,35,0.5835603646069395,-9.5653339209375,,,0.0,0.0,0.0,0.0,,,0.0,0.0,0.0,0.0,,46.33121,,,,,0.0,0.0,0.0,0.0,0.0,0.0,-9.5653339209375,0.5835603646069395
2025,3,NYG,KC,9,22,,,,,,,,,0,0,0,0,,,64.0,9.9,0.0,,,,2025-09-21,40.8136,-74.0745,0,-13,31,0.578165798547827,-8.8893857209375,,,0.0,0.0,0.0,0.0,,,0.0,0.0,0.0,0.0,,43.5736,,,,,0.0,0.0,0.0,0.0,0.0,0.0,-8.8893857209375,0.578165798547827
2025,3,PHI,LAR,33,26,,,,,,,,,0,0,0,0,,,66.8,11.3,0.0,,,,2025-09-21,39.9008,-75.1675,1,7,59,0.61235383665856,-8.3112581209375,,,0.0,0.0,0.0,0.0,,,0.0,0.0,0.0,0.0,,55.594677,,,,,0.0,0.0,0.0,0.0,0.0,0.0,-8.3112581209375,0.61235383665856
2025,3,SEA,NO,44,13,,,,,,,,,0,0,0,0,,,61.9,11.4,1.0,,,,2025-09-21,47.5952,-122.3316,1,31,57,0.61235383665856,18.7804491790625,,,0.0,0.0,0.0,0.0,,,0.0,0.0,0.0,0.0,,45.83601,,,,,0.0,0.0,0.0,0.0,0.0,0.0,18.7804491790625,0.61235383665856
2025,3,SF,ARI,16,15,,,,,,,,,0,0,0,0,,,67.6,12.2,0.0,,,,2025-09-21,37.403,-121.9692,1,1,31,0.61235383665856,-4.7805062209375,,,0.0,0.0,0.0,0.0,,,0.0,0.0,0.0,0.0,,42.207165,,,,,0.0,0.0,0.0,0.0,0.0,0.0,-4.7805062209375,0.61235383665856
2025,3,TB,NYJ,29,27,,,,,,,,,0,0,0,0,,,83.8,8.1,0.0,,,,2025-09-21,27.9757,-82.5033,1,2,56,0.61235383665856,-8.2505585209375,,,0.0,0.0,0.0,0.0,,,0.0,0.0,0.0,0.0,,54.11338,,,,,0.0,0.0,0.0,0.0,0.0,0.0,-8.2505585209375,0.61235383665856
2025,3,TEN,IND,20,41,,,,,,,,,0,0,0,0,,,76.6,9.5,1.0,,,,2025-09-21,36.1665,-86.7713,0,-21,61,0.497338726285063,-18.50065782093749,,,0.0,0.0,0.0,0.0,,,0.0,0.0,0.0,0.0,,59.12374,,,,,0.0,0.0,0.0,0.0,0.0,0.0,-18.50065782093749,0.497338726285063
2025,3,WAS,LV,41,24,,,,,,,,,0,0,0,0,,,68.9,10.1,0.0,,,,2025-09-21,38.9077,-76.8645,1,17,65,0.61235383665856,12.2191201790625,,,0.0,0.0,0.0,0.0,,,0.0,0.0,0.0,0.0,,59.06052,,,,,0.0,0.0,0.0,0.0,0.0,0.0,12.2191201790625,0.61235383665856
2025,4,ARI,SEA,20,23,,,,,,,,,0,0,0,0,,,93.7,20.0,0.0,,,,2025-09-25,33.5276,-112.2626,0,-3,43,0.4260621062546599,-9.4758878209375,,,0.0,0.0,0.0,0.0,,,0.0,0.0,0.0,0.0,,41.521458,,,,,0.0,0.0,0.0,0.0,0.0,0.0,-9.4758878209375,0.4260621062546599
2025,4,ATL,WAS,34,27,,,,,,,,,0,0,0,0,,,75.2,12.5,0.0,,,,2025-09-28,33.7554,-84.4008,1,7,61,0.7367745152741301,-1.0292231209375002,,,0.0,0.0,0.0,0.0,,,0.0,0.0,0.0,0.0,,55.279903,,,,,0.0,0.0,0.0,0.0,0.0,0.0,-1.0292231209375,0.7367745152741301
2025,4,BUF,NO,31,19,,,,,,,,,0,0,0,0,,,66.6,10.1,0.0,,,,2025-09-28,42.7738,-78.7864,1,12,50,0.61235383665856,3.0720421790625,,,0.0,0.0,0.0,0.0,,,0.0,0.0,0.0,0.0,,49.24029,,,,,0.0,0.0,0.0,0.0,0.0,0.0,3.0720421790625,0.61235383665856
2025,4,DAL,GB,40,40,,,,,,,,,0,0,0,0,,,76.3,9.1,0.0,,,,2025-09-28,32.7473,-97.0945,0,0,80,0.4559248960643637,-7.3659533209375,,,0.0,0.0,0.0,0.0,,,0.0,0.0,0.0,0.0,,66.12032,,,,,0.0,0.0,0.0,0.0,0.0,0.0,-7.3659533209375,0.4559248960643637
2025,4,DEN,CIN,28,3,,,,,,,,,0,0,0,0,,,60.6,16.1,1.0,,,,2025-09-29,39.7439,-105.0201,1,25,31,0.61235383665856,10.888712179062502,,,0.0,0.0,0.0,0.0,,,0.0,0.0,0.0,0.0,,30.919884,,,,,0.0,0.0,0.0,0.0,0.0,0.0,10.888712179062502,0.61235383665856
2025,4,DET,CLE,34,10,,,,,,,,,0,0,0,0,,,69.1,10.2,0.0,,,,2025-09-28,42.34,-83.0456,1,24,44,0.61235383665856,11.2045971790625,,,0.0,0.0,0.0,0.0,,,0.0,0.0,0.0,0.0,,51.216362,,,,,0.0,0.0,0.0,0.0,0.0,0.0,11.2045971790625,0.61235383665856
2025,4,HOU,TEN,26,0,,,,,,,,,0,0,0,0,,,79.4,11.4,0.0,,,,2025-09-28,29.6847,-95.4107,1,26,26,0.61235383665856,10.6405621790625,,,0.0,0.0,0.0,0.0,,,0.0,0.0,0.0,0.0,,33.270958,,,,,0.0,0.0,0.0,0.0,0.0,0.0,10.6405621790625,0.61235383665856
2025,4,KC,BAL,37,20,,,,,,,,,0,0,0,0,,,76.2,9.8,0.0,,,,2025-09-28,39.0489,-94.4839,1,17,57,0.61235383665856,5.218447179062499,,,0.0,0.0,0.0,0.0,,,0.0,0.0,0.0,0.0,,57.14425,,,,,0.0,0.0,0.0,0.0,0.0,0.0,5.218447179062499,0.61235383665856
2025,4,LAR,IND,27,20,,,,,,,,,0,0,0,0,,,70.7,15.2,0.0,,,,2025-09-28,33.9536,-118.3392,1,7,47,0.7093235365181791,-1.3266868209375,,,0.0,0.0,0.0,0.0,,,0.0,0.0,0.0,0.0,,45.091713,,,,,0.0,0.0,0.0,0.0,0.0,0.0,-1.3266868209374998,0.7093235365181791
2025,4,LV,CHI,24,25,,,,,,,,,0,0,0,0,,,74.1,9.1,0.0,,,,2025-09-28,36.0908,-115.183,0,-1,49,0.5889772108822692,-4.467234820937501,,,0.0,0.0,0.0,0.0,,,0.0,0.0,0.0,0.0,,52.59287,,,,,0.0,0.0,0.0,0.0,0.0,0.0,-4.467234820937501,0.5889772108822692
2025,4,MIA,NYJ,27,21,,,,,,,,,0,0,0,0,,,83.4,16.9,1.0,,,,2025-09-29,25.958,-80.2389,1,6,48,0.61235383665856,-4.4066015209375,,,0.0,0.0,0.0,0.0,,,0.0,0.0,0.0,0.0,,45.635914,,,,,0.0,0.0,0.0,0.0,0.0,0.0,-4.4066015209375,0.61235383665856
2025,4,NE,CAR,42,13,,,,,,,,,0,0,0,0,,,69.3,9.9,1.0,,,,2025-09-28,42.0909,-71.2643,1,29,55,0.7307139030724394,16.6126861790625,,,0.0,0.0,0.0,0.0,,,0.0,0.0,0.0,0.0,,51.55703,,,,,0.0,0.0,0.0,0.0,0.0,0.0,16.6126861790625,0.7307139030724394
2025,4,NYG,LAC,21,18,,,,,,,,,0,0,0,0,,,74.1,7.1,1.0,,,,2025-09-28,40.8136,-74.0745,1,3,39,0.6593235365181792,-4.5633728209375,,,0.0,0.0,0.0,0.0,,,0.0,0.0,0.0,0.0,,45.56197,,,,,0.0,0.0,0.0,0.0,0.0,0.0,-4.5633728209375,0.6593235365181792
2025,4,PIT,MIN,24,21,,,,,,,,,0,0,0,0,,,68.1,7.4,0.0,,,,2025-09-28,40.4468,-80.0158,1,3,45,0.61235383665856,-5.1071399209375,,,0.0,0.0,0.0,0.0,,,0.0,0.0,0.0,0.0,,53.554306,,,,,0.0,0.0,0.0,0.0,0.0,0.0,-5.1071399209375,0.61235383665856
2025,4,SF,JAX,21,26,,,,,,,,,0,0,0,0,,,69.1,13.7,0.0,,,,2025-09-28,37.403,-121.9692,0,-5,47,0.5690347245961058,-8.9443455209375,,,0.0,0.0,0.0,0.0,,,0.0,0.0,0.0,0.0,,45.821224,,,,,0.0,0.0,0.0,0.0,0.0,0.0,-8.9443455209375,0.5690347245961058
2025,4,TB,PHI,25,31,,,,,,,,,0,0,0,0,,,83.9,9.4,1.0,,,,2025-09-28,27.9757,-82.5033,0,-6,56,0.5521938554077971,-12.6080418209375,,,0.0,0.0,0.0,0.0,,,0.0,0.0,0.0,0.0,,56.691647,,,,,0.0,0.0,0.0,0.0,0.0,0.0,-12.6080418209375,0.5521938554077971
2025,5,ARI,TEN,21,22,,,,,,,,,0,0,0,0,,,75.7,7.0,0.0,,,,2025-10-05,33.5276,-112.2626,0,-1,43,0.5547891727715362,-8.0153852209375,,,0.0,0.0,0.0,0.0,,,0.0,0.0,0.0,0.0,,45.164143,,,,,0.0,0.0,0.0,0.0,0.0,0.0,-8.0153852209375,0.5547891727715362
2025,5,BAL,HOU,10,44,,,,,,,,,0,0,0,0,,,65.1,8.3,0.0,,,,2025-10-05,39.2779,-76.6223,0,-34,54,0.5149503073721754,-32.6826268209375,,,0.0,0.0,0.0,0.0,,,0.0,0.0,0.0,0.0,,50.014236,,,,,0.0,0.0,0.0,0.0,0.0,0.0,-32.6826268209375,0.5149503073721754
2025,5,BUF,NE,20,23,,,,,,,,,0,0,0,0,,,68.4,11.6,0.0,,,,2025-10-05,42.7738,-78.7864,0,-3,43,0.5859002879887449,-8.0324258809375,,,0.0,0.0,0.0,0.0,,,0.0,0.0,0.0,0.0,,45.317654,,,,,0.0,0.0,0.0,0.0,0.0,0.0,-8.0324258809375,0.5859002879887449
2025,5,CAR,MIA,27,24,,,,,,,,,0,0,0,0,,,69.1,9.0,0.0,,,,2025-10-05,35.2251,-80.8526,1,3,51,0.61235383665856,-1.3991414209375004,,,0.0,0.0,0.0,0.0,,,0.0,0.0,0.0,0.0,,48.213295,,,,,0.0,0.0,0.0,0.0,0.0,0.0,-1.3991414209375002,0.61235383665856
2025,5,CIN,DET,24,37,,,,,,,,,0,0,0,0,,,66.9,8.6,0.0,,,,2025-10-05,39.0955,-84.5161,0,-13,61,0.6041447154312957,-17.479396820937502,,,0.0,0.0,0.0,0.0,,,0.0,0.0,0.0,0.0,,60.47119,,,,,0.0,0.0,0.0,0.0,0.0,0.0,-17.479396820937502,0.6041447154312957
2025,5,CLE,MIN,17,21,,,,,,,,,0,0,0,0,,,72.7,11.3,0.0,,,,2025-10-05,41.5061,-81.6995,0,-4,38,0.61235383665856,-7.9879594209375,,,0.0,0.0,0.0,0.0,,,0.0,0.0,0.0,0.0,,40.035305,,,,,0.0,0.0,0.0,0.0,0.0,0.0,-7.9879594209375,0.61235383665856
2025,5,IND,LV,40,6,,,,,,,,,0,0,0,0,,,69.9,14.3,0.0,,,,2025-10-05,39.7601,-86.1639,1,34,46,0.6593235365181792,16.6059141790625,,,0.0,0.0,0.0,0.0,,,0.0,0.0,0.0,0.0,,42.095158,,,,,0.0,0.0,0.0,0.0,0.0,0.0,16.6059141790625,0.6593235365181792
2025,5,JAX,KC,31,28,,,,,,,,,0,0,0,0,,,78.8,16.0,1.0,,,,2025-10-06,30.324,-81.6373,1,3,59,0.639804815414511,-2.6058958209375005,,,0.0,0.0,0.0,0.0,,,0.0,0.0,0.0,0.0,,50.127686,,,,,0.0,0.0,0.0,0.0,0.0,0.0,-2.6058958209375,0.639804815414511
2025,5,LAC,WAS,10,27,,,,,,,,,0,0,0,0,,,66.7,13.3,0.0,,,,2025-10-05,33.9536,-118.3392,0,-17,37,0.550285487535559,-19.7994058209375,,,0.0,0.0,0.0,0.0,,,0.0,0.0,0.0,0.0,,44.349373,,,,,0.0,0.0,0.0,0.0,0.0,0.0,-19.7994058209375,0.550285487535559
2025,5,LAR,SF,23,26,,,,,,,,,0,0,0,0,,,68.7,13.7,0.0,,,,2025-10-02,33.9536,-118.3392,0,-3,49,0.4489068142205107,-10.9231494209375,,,0.0,0.0,0.0,0.0,,,0.0,0.0,0.0,0.0,,51.08452,,,,,0.0,0.0,0.0,0.0,0.0,0.0,-10.9231494209375,0.4489068142205107
2025,5,NO,NYG,26,14,,,,,,,,,0,0,0,0,,,76.6,18.3,1.0,,,,2025-10-05,29.95,-90.0811,1,12,40,0.61235383665856,-6.0980035609375,,,0.0,0.0,0.0,0.0,,,0.0,0.0,0.0,0.0,,40.273766,,,,,0.0,0.0,0.0,0.0,0.0,0.0,-6.0980035609375,0.61235383665856
2025,5,NYJ,DAL,22,37,,,,,,,,,0,0,0,0,,,72.2,8.7,0.0,,,,2025-10-05,40.8136,-74.0745,0,-15,59,0.4848699710398543,-22.1263668209375,,,0.0,0.0,0.0,0.0,,,0.0,0.0,0.0,0.0,,49.886784,,,,,0.0,0.0,0.0,0.0,0.0,0.0,-22.1263668209375,0.4848699710398543
2025,5,PHI,DEN,17,21,,,,,,,,,0,0,0,0,,,70.9,10.1,0.0,,,,2025-10-05,39.9008,-75.1675,0,-4,38,0.6092769137650359,-6.3884304209375,,,0.0,0.0,0.0,0.0,,,0.0,0.0,0.0,0.0,,45.91434,,,,,0.0,0.0,0.0,0.0,0.0,0.0,-6.3884304209375,0.6092769137650359
2025,5,SEA,TB,35,38,,,,,,,,,0,0,0,0,,,57.4,8.8,0.0,,,,2025-10-05,47.5952,-122.3316,0,-3,73,0.5547891727715362,-10.1409678209375,,,0.0,0.0,0.0,0.0,,,0.0,0.0,0.0,0.0,,61.263245,,,,,0.0,0.0,0.0,0.0,0.0,0.0,-10.1409678209375,0.5547891727715362
2025,6,ATL,BUF,24,14,,,,,,,,,0,0,0,0,,,65.8,8.9,0.0,,,,2025-10-13,33.7554,-84.4008,1,10,38,0.61235383665856,-0.0106088209374999,,,0.0,0.0,0.0,0.0,,,0.0,0.0,0.0,0.0,,40.256207,,,,,0.0,0.0,0.0,0.0,0.0,0.0,-0.0106088209374997,0.61235383665856
2025,6,BAL,LAR,3,17,,,,,,,,,0,0,0,0,,,62.7,19.7,1.0,,,,2025-10-12,39.2779,-76.6223,0,-14,20,0.4050210646420347,-19.301003820937503,,,0.0,0.0,0.0,0.0,,,0.0,0.0,0.0,0.0,,30.309814,,,,,0.0,0.0,0.0,0.0,0.0,0.0,-19.301003820937503,0.4050210646420347
2025,6,CAR,DAL,30,27,,,,,,,,,0,0,0,0,,,65.7,18.2,1.0,,,,2025-10-12,35.2251,-80.8526,1,3,57,0.6936239353447783,-3.4216333209375005,,,0.0,0.0,0.0,0.0,,,0.0,0.0,0.0,0.0,,44.05818,,,,,0.0,0.0,0.0,0.0,0.0,0.0,-3.4216333209375,0.6936239353447783
2025,6,GB,CIN,27,18,,,,,,,,,0,0,0,0,,,58.1,15.0,0.0,,,,2025-10-12,44.5013,-88.0622,1,9,45,0.7093235365181791,0.5131758790624994,,,0.0,0.0,0.0,0.0,,,0.0,0.0,0.0,0.0,,46.086174,,,,,0.0,0.0,0.0,0.0,0.0,0.0,0.5131758790624996,0.7093235365181791
2025,6,IND,ARI,31,27,,,,,,,,,0,0,0,0,,,58.9,7.8,0.0,,,,2025-10-12,39.7601,-86.1639,1,4,58,0.6593235365181792,-7.3813693509375,,,0.0,0.0,0.0,0.0,,,0.0,0.0,0.0,0.0,,56.50069,,,,,0.0,0.0,0.0,0.0,0.0,0.0,-7.3813693509375,0.6593235365181792
2025,6,JAX,SEA,12,20,,,,,,,,,0,0,0,0,,,70.0,14.3,0.0,,,,2025-10-12,30.324,-81.6373,0,-8,32,0.6593235365181792,-6.4481924209375,,,0.0,0.0,0.0,0.0,,,0.0,0.0,0.0,0.0,,36.78408,,,,,0.0,0.0,0.0,0.0,0.0,0.0,-6.4481924209375,0.6593235365181792
2025,6,KC,DET,30,17,,,,,,,,,0,0,0,0,,,73.3,15.6,0.0,,,,2025-10-12,39.0489,-94.4839,1,13,47,0.7093235365181791,3.7110801790625008,,,0.0,0.0,0.0,0.0,,,0.0,0.0,0.0,0.0,,44.813156,,,,,0.0,0.0,0.0,0.0,0.0,0.0,3.7110801790625008,0.7093235365181791
2025,6,LV,TEN,20,10,,,,,,,,,0,0,0,0,,,70.5,18.1,0.0,,,,2025-10-12,36.0908,-115.183,1,10,30,0.7093235365181791,-2.8826608209375006,,,0.0,0.0,0.0,0.0,,,0.0,0.0,0.0,0.0,,29.663103,,,,,0.0,0.0,0.0,0.0,0.0,0.0,-2.8826608209375,0.7093235365181791
2025,6,MIA,LAC,27,29,,,,,,,,,0,0,0,0,,,78.6,10.8,1.0,,,,2025-10-12,25.958,-80.2389,0,-2,56,0.5026532433062422,-6.4098869209375,,,0.0,0.0,0.0,0.0,,,0.0,0.0,0.0,0.0,,54.978233,,,,,0.0,0.0,0.0,0.0,0.0,0.0,-6.4098869209375,0.5026532433062422
2025,6,NO,NE,19,25,,,,,,,,,0,0,0,0,,,72.9,10.9,0.0,,,,2025-10-12,29.95,-90.0811,0,-6,44,0.5859002879887449,-4.3084758209375,,,0.0,0.0,0.0,0.0,,,0.0,0.0,0.0,0.0,,47.558647,,,,,0.0,0.0,0.0,0.0,0.0,0.0,-4.3084758209375,0.5859002879887449
2025,6,NYG,PHI,34,17,,,,,,,,,0,0,0,0,,,54.4,14.1,0.0,,,,2025-10-09,40.8136,-74.0745,1,17,51,0.9199912897377835,9.704561179062502,,,0.0,0.0,0.0,0.0,,,0.0,0.0,0.0,0.0,,49.989204,,,,,0.0,0.0,0.0,0.0,0.0,0.0,9.704561179062502,0.9199912897377835
2025,6,NYJ,DEN,11,13,,,,,,,,,0,0,0,0,,,59.4,21.4,1.0,,,,2025-10-12,40.8136,-74.0745,0,-2,24,0.5547891727715362,-6.4798432609375,,,0.0,0.0,0.0,0.0,,,0.0,0.0,0.0,0.0,,29.9472,,,,,0.0,0.0,0.0,0.0,0.0,0.0,-6.4798432609375,0.5547891727715362
2025,6,PIT,CLE,23,9,,,,,,,,,0,0,0,0,,,58.3,8.4,1.0,,,,2025-10-12,40.4468,-80.0158,1,14,32,0.7093235365181791,1.5874561790624997,,,0.0,0.0,0.0,0.0,,,0.0,0.0,0.0,0.0,,43.107746,,,,,0.0,0.0,0.0,0.0,0.0,0.0,1.5874561790624997,0.7093235365181791
2025,6,TB,SF,30,19,,,,,,,,,0,0,0,0,,,73.9,12.6,0.0,,,,2025-10-12,27.9757,-82.5033,1,11,49,0.7367745152741301,1.2214661790624992,,,0.0,0.0,0.0,0.0,,,0.0,0.0,0.0,0.0,,45.07561,,,,,0.0,0.0,0.0,0.0,0.0,0.0,1.2214661790624994,0.7367745152741301
2025,6,WAS,CHI,24,25,,,,,,,,,0,0,0,0,,,59.0,19.4,1.0,,,,2025-10-13,38.9077,-76.8645,0,-1,49,0.5547891727715362,-11.9294968209375,,,0.0,0.0,0.0,0.0,,,0.0,0.0,0.0,0.0,,47.83043,,,,,0.0,0.0,0.0,0.0,0.0,0.0,-11.9294968209375,0.5547891727715362
2025,7,ARI,GB,23,27,,,,,,,,,0,0,0,0,,,73.7,6.3,0.0,,,,2025-10-19,33.5276,-112.2626,0,-4,50,0.5547891727715362,-11.1369538209375,,,0.0,0.0,0.0,0.0,,,0.0,0.0,0.0,0.0,,50.165398,,,,,0.0,0.0,0.0,0.0,0.0,0.0,-11.1369538209375,0.5547891727715362
2025,7,CHI,NO,26,14,,,,,,,,,0,0,0,0,,,54.3,21.1,1.0,,,,2025-10-19,41.8623,-87.6167,1,12,40,0.7093235365181791,2.0598686790625003,,,0.0,0.0,0.0,0.0,,,0.0,0.0,0.0,0.0,,41.88433,,,,,0.0,0.0,0.0,0.0,0.0,0.0,2.0598686790625003,0.7093235365181791
2025,7,CIN,PIT,33,31,,,,,,,,,0,0,0,0,,,59.3,8.4,0.0,,,,2025-10-16,39.0955,-84.5161,1,2,64,0.7093235365181791,-2.6868435209375,,,0.0,0.0,0.0,0.0,,,0.0,0.0,0.0,0.0,,57.828144,,,,,0.0,0.0,0.0,0.0,0.0,0.0,-2.6868435209375,0.7093235365181791
2025,7,CLE,MIA,31,6,,,,,,,,,0,0,0,0,,,65.4,31.8,1.0,,,,2025-10-19,41.5061,-81.6995,1,25,37,0.7093235365181791,14.2210441790625,,,0.0,0.0,0.0,0.0,,,0.0,0.0,0.0,0.0,,37.80565,,,,,0.0,0.0,0.0,0.0,0.0,0.0,14.2210441790625,0.7093235365181791
2025,7,DAL,WAS,44,22,,,,,,,,,0,0,0,0,,,67.4,15.8,0.0,,,,2025-10-19,32.7473,-97.0945,1,22,66,0.61235383665856,7.676963179062501,,,0.0,0.0,0.0,0.0,,,0.0,0.0,0.0,0.0,,57.918125,,,,,0.0,0.0,0.0,0.0,0.0,0.0,7.676963179062501,0.61235383665856
2025,7,DEN,NYG,33,32,,,,,,,,,0,0,0,0,,,55.3,11.4,0.0,,,,2025-10-19,39.7439,-105.0201,1,1,65,0.8290822020798552,-2.7908565209375,,,0.0,0.0,0.0,0.0,,,0.0,0.0,0.0,0.0,,51.292984,,,,,0.0,0.0,0.0,0.0,0.0,0.0,-2.7908565209375,0.8290822020798552
2025,7,DET,TB,24,9,,,,,,,,,0,0,0,0,,,52.7,13.0,0.0,,,,2025-10-20,42.34,-83.0456,1,15,33,0.7367745152741301,6.4334201790625,,,0.0,0.0,0.0,0.0,,,0.0,0.0,0.0,0.0,,46.336903,,,,,0.0,0.0,0.0,0.0,0.0,0.0,6.4334201790625,0.7367745152741301
2025,7,JAX,LAR,7,35,,,,,,,,,0,0,0,0,,,71.3,13.6,1.0,,,,2025-10-19,30.324,-81.6373,0,-28,42,0.5547891727715362,-27.6577588209375,,,0.0,0.0,0.0,0.0,,,0.0,0.0,0.0,0.0,,41.93952,,,,,0.0,0.0,0.0,0.0,0.0,0.0,-27.6577588209375,0.5547891727715362
2025,7,KC,LV,31,0,,,,,,,,,0,0,0,0,,,55.9,17.1,0.0,,,,2025-10-19,39.0489,-94.4839,1,31,31,0.7093235365181791,15.0025521790625,,,0.0,0.0,0.0,0.0,,,0.0,0.0,0.0,0.0,,37.205166,,,,,0.0,0.0,0.0,0.0,0.0,0.0,15.0025521790625,0.7093235365181791
2025,7,LAC,IND,24,38,,,,,,,,,0,0,0,0,,,67.6,11.7,0.0,,,,2025-10-19,33.9536,-118.3392,0,-14,62,0.6092769137650359,-12.8869608209375,,,0.0,0.0,0.0,0.0,,,0.0,0.0,0.0,0.0,,45.626625,,,,,0.0,0.0,0.0,0.0,0.0,0.0,-12.8869608209375,0.6092769137650359
2025,7,MIN,PHI,22,28,,,,,,,,,0,0,0,0,,,49.3,19.8,0.0,,,,2025-10-19,44.9737,-93.2575,0,-6,50,0.4489068142205107,-11.0282680209375,,,0.0,0.0,0.0,0.0,,,0.0,0.0,0.0,0.0,,44.59917,,,,,0.0,0.0,0.0,0.0,0.0,0.0,-11.0282680209375,0.4489068142205107
2025,7,NYJ,CAR,6,13,,,,,,,,,0,0,0,0,,,61.1,14.9,0.0,,,,2025-10-19,40.8136,-74.0745,0,-7,19,0.5889772108822692,-1.8590888209375005,,,0.0,0.0,0.0,0.0,,,0.0,0.0,0.0,0.0,,28.89179,,,,,0.0,0.0,0.0,0.0,0.0,0.0,-1.8590888209375,0.5889772108822692
2025,7,SEA,HOU,27,19,,,,,,,,,0,0,0,0,,,53.9,8.7,1.0,,,,2025-10-20,47.5952,-122.3316,1,8,46,0.6593235365181792,1.4438511790625002,,,0.0,0.0,0.0,0.0,,,0.0,0.0,0.0,0.0,,45.108574,,,,,0.0,0.0,0.0,0.0,0.0,0.0,1.4438511790625004,0.6593235365181792
2025,7,SF,ATL,20,10,,,,,,,,,0,0,0,0,,,63.8,15.0,0.0,,,,2025-10-19,37.403,-121.9692,1,10,30,0.61235383665856,-3.1062685209375003,,,0.0,0.0,0.0,0.0,,,0.0,0.0,0.0,0.0,,32.994953,,,,,0.0,0.0,0.0,0.0,0.0,0.0,-3.1062685209375,0.61235383665856
2025,7,TEN,NE,13,31,,,,,,,,,0,0,0,0,,,62.3,21.2,1.0,,,,2025-10-19,36.1665,-86.7713,0,-18,44,0.5547891727715362,-17.6541468209375,,,0.0,0.0,0.0,0.0,,,0.0,0.0,0.0,0.0,,37.66378,,,,,0.0,0.0,0.0,0.0,0.0,0.0,-17.6541468209375,0.5547891727715362
2025,8,ATL,MIA,10,34,,,,,,,,,0,0,0,0,,,56.7,15.4,1.0,,,,2025-10-26,33.7554,-84.4008,0,-24,44,0.5859002879887449,-24.9092978209375,,,0.0,0.0,0.0,0.0,,,0.0,0.0,0.0,0.0,,52.671112,,,,,0.0,0.0,0.0,0.0,0.0,0.0,-24.9092978209375,0.5859002879887449
2025,8,BAL,CHI,30,16,,,,,,,,,0,0,0,0,,,49.4,7.3,0.0,,,,2025-10-26,39.2779,-76.6223,1,14,46,0.6593235365181792,-1.5452008209375,,,0.0,0.0,0.0,0.0,,,0.0,0.0,0.0,0.0,,50.26859,,,,,0.0,0.0,0.0,0.0,0.0,0.0,-1.5452008209374997,0.6593235365181792
2025,8,CAR,BUF,9,40,,,,,,,,,0,0,0,0,,,55.4,11.3,1.0,,,,2025-10-26,35.2251,-80.8526,0,-31,49,0.578165798547827,-28.1021598209375,,,0.0,0.0,0.0,0.0,,,0.0,0.0,0.0,0.0,,52.603733,,,,,0.0,0.0,0.0,0.0,0.0,0.0,-28.1021598209375,0.578165798547827
2025,8,CIN,NYJ,38,39,,,,,,,,,0,0,0,0,,,52.0,11.1,0.0,,,,2025-10-26,39.0955,-84.5161,0,-1,77,0.5859002879887449,-5.0214633209375,,,0.0,0.0,0.0,0.0,,,0.0,0.0,0.0,0.0,,62.598576,,,,,0.0,0.0,0.0,0.0,0.0,0.0,-5.0214633209375,0.5859002879887449
2025,8,DEN,DAL,44,24,,,,,,,,,0,0,0,0,,,56.1,15.3,0.0,,,,2025-10-26,39.7439,-105.0201,1,20,68,0.7093235365181791,10.517870179062498,,,0.0,0.0,0.0,0.0,,,0.0,0.0,0.0,0.0,,58.88779,,,,,0.0,0.0,0.0,0.0,0.0,0.0,10.517870179062498,0.7093235365181791
2025,8,HOU,SF,26,15,,,,,,,,,0,0,0,0,,,71.0,11.2,1.0,,,,2025-10-26,29.6847,-95.4107,1,11,41,0.6619849435120452,-2.5236693209375005,,,0.0,0.0,0.0,0.0,,,0.0,0.0,0.0,0.0,,40.049297,,,,,0.0,0.0,0.0,0.0,0.0,0.0,-2.5236693209375,0.6619849435120452
2025,8,IND,TEN,38,14,,,,,,,,,0,0,0,0,,,54.0,14.5,0.0,,,,2025-10-26,39.7601,-86.1639,1,24,52,0.8925403109818327,12.9962271790625,,,0.0,0.0,0.0,0.0,,,0.0,0.0,0.0,0.0,,50.315998,,,,,0.0,0.0,0.0,0.0,0.0,0.0,12.9962271790625,0.8925403109818327
2025,8,KC,WAS,28,7,,,,,,,,,0,0,0,0,,,53.4,8.4,0.0,,,,2025-10-27,39.0489,-94.4839,1,21,35,0.7093235365181791,8.6472031790625,,,0.0,0.0,0.0,0.0,,,0.0,0.0,0.0,0.0,,41.805,,,,,0.0,0.0,0.0,0.0,0.0,0.0,8.6472031790625,0.7093235365181791
2025,8,LAC,MIN,37,10,,,,,,,,,0,0,0,0,,,64.6,9.8,0.0,,,,2025-10-23,33.9536,-118.3392,1,27,47,0.6092769137650359,8.5420031790625,,,0.0,0.0,0.0,0.0,,,0.0,0.0,0.0,0.0,,52.502384,,,,,0.0,0.0,0.0,0.0,0.0,0.0,8.5420031790625,0.6092769137650359
2025,8,NE,CLE,32,13,,,,,,,,,0,0,0,0,,,43.8,10.5,0.0,,,,2025-10-26,42.0909,-71.2643,1,19,45,0.6092769137650359,6.1696911790625,,,0.0,0.0,0.0,0.0,,,0.0,0.0,0.0,0.0,,49.05722,,,,,0.0,0.0,0.0,0.0,0.0,0.0,6.1696911790625,0.6092769137650359
2025,8,NO,TB,3,23,,,,,,,,,0,0,0,0,,,76.1,16.6,1.0,,,,2025-10-26,29.95,-90.0811,0,-20,26,0.639804815414511,-18.863382820937503,,,0.0,0.0,0.0,0.0,,,0.0,0.0,0.0,0.0,,32.423172,,,,,0.0,0.0,0.0,0.0,0.0,0.0,-18.863382820937503,0.639804815414511
2025,8,PHI,NYG,38,20,,,,,,,,,0,0,0,0,,,54.5,10.1,0.0,,,,2025-10-26,39.9008,-75.1675,1,18,58,0.7093235365181791,9.0405381790625,,,0.0,0.0,0.0,0.0,,,0.0,0.0,0.0,0.0,,55.295532,,,,,0.0,0.0,0.0,0.0,0.0,0.0,9.0405381790625,0.7093235365181791
2025,8,PIT,GB,25,35,,,,,,,,,0,0,0,0,,,45.1,7.8,0.0,,,,2025-10-26,40.4468,-80.0158,0,-10,60,0.61235383665856,-12.6701861209375,,,0.0,0.0,0.0,0.0,,,0.0,0.0,0.0,0.0,,55.22953,,,,,0.0,0.0,0.0,0.0,0.0,0.0,-12.6701861209375,0.61235383665856
2025,9,BUF,KC,28,21,,,,,,,,,0,0,0,0,,,43.5,10.3,0.0,,,,2025-11-02,42.7738,-78.7864,1,7,49,0.7093235365181791,0.5254541790624996,,,0.0,0.0,0.0,0.0,,,0.0,0.0,0.0,0.0,,49.840485,,,,,0.0,0.0,0.0,0.0,0.0,0.0,0.5254541790624998,0.7093235365181791
2025,9,CIN,CHI,42,47,,,,,,,,,0,0,0,0,,,47.1,3.7,1.0,,,,2025-11-02,39.0955,-84.5161,0,-5,89,0.6120312920838225,-10.5283354209375,,,0.0,0.0,0.0,0.0,,,0.0,0.0,0.0,0.0,,84.02487,,,,,0.0,0.0,0.0,0.0,0.0,0.0,-10.5283354209375,0.6120312920838225
2025,9,DAL,ARI,17,27,,,,,,,,,0,0,0,0,,,63.5,11.2,0.0,,,,2025-11-03,32.7473,-97.0945,0,-10,44,0.578165798547827,-11.0361174209375,,,0.0,0.0,0.0,0.0,,,0.0,0.0,0.0,0.0,,43.58228,,,,,0.0,0.0,0.0,0.0,0.0,0.0,-11.0361174209375,0.578165798547827
2025,9,DET,MIN,24,27,,,,,,,,,0,0,0,0,,,44.2,11.3,0.0,,,,2025-11-02,42.34,-83.0456,0,-3,51,0.6358546606331694,-6.2300700209375,,,0.0,0.0,0.0,0.0,,,0.0,0.0,0.0,0.0,,45.790897,,,,,0.0,0.0,0.0,0.0,0.0,0.0,-6.2300700209375,0.6358546606331694
2025,9,GB,CAR,13,16,,,,,,,,,0,0,0,0,,,39.5,23.0,0.0,,,,2025-11-02,44.5013,-88.0622,0,-3,29,0.4659002832203733,-11.2521598209375,,,0.0,0.0,0.0,0.0,,,0.0,0.0,0.0,0.0,,37.335766,,,,,0.0,0.0,0.0,0.0,0.0,0.0,-11.2521598209375,0.4659002832203733
2025,9,HOU,DEN,15,18,,,,,,,,,0,0,0,0,,,62.9,12.6,0.0,,,,2025-11-02,29.6847,-95.4107,0,-3,33,0.6096005312233793,-5.2559238209375,,,0.0,0.0,0.0,0.0,,,0.0,0.0,0.0,0.0,,38.382446,,,,,0.0,0.0,0.0,0.0,0.0,0.0,-5.2559238209375,0.6096005312233793
2025,9,LAR,NO,34,10,,,,,,,,,0,0,0,0,,,62.3,10.9,0.0,,,,2025-11-02,33.9536,-118.3392,1,24,44,0.578165798547827,5.764458179062499,,,0.0,0.0,0.0,0.0,,,0.0,0.0,0.0,0.0,,47.734062,,,,,0.0,0.0,0.0,0.0,0.0,0.0,5.764458179062499,0.578165798547827
2025,9,LV,JAX,29,30,,,,,,,,,0,0,0,0,,,68.7,7.0,0.0,,,,2025-11-02,36.0908,-115.183,0,-1,59,0.3829186818629133,-7.8245354909375,,,0.0,0.0,0.0,0.0,,,0.0,0.0,0.0,0.0,,59.533146,,,,,0.0,0.0,0.0,0.0,0.0,0.0,-7.8245354909375,0.3829186818629133
2025,9,MIA,BAL,6,28,,,,,,,,,0,0,0,0,,,74.5,18.3,0.0,,,,2025-10-30,25.958,-80.2389,0,-22,34,0.61235383665856,-18.4268733209375,,,0.0,0.0,0.0,0.0,,,0.0,0.0,0.0,0.0,,37.721825,,,,,0.0,0.0,0.0,0.0,0.0,0.0,-18.4268733209375,0.61235383665856
2025,9,NE,ATL,24,23,,,,,,,,,0,0,0,0,,,40.7,14.2,0.0,,,,2025-11-02,42.0909,-71.2643,1,1,47,0.7093235365181791,-4.5086936209375,,,0.0,0.0,0.0,0.0,,,0.0,0.0,0.0,0.0,,47.332867,,,,,0.0,0.0,0.0,0.0,0.0,0.0,-4.5086936209375,0.7093235365181791
2025,9,NYG,SF,24,34,,,,,,,,,0,0,0,0,,,50.7,8.1,0.0,,,,2025-11-02,40.8136,-74.0745,0,-10,58,0.61235383665856,-12.0402351209375,,,0.0,0.0,0.0,0.0,,,0.0,0.0,0.0,0.0,,49.5501,,,,,0.0,0.0,0.0,0.0,0.0,0.0,-12.0402351209375,0.61235383665856
2025,9,PIT,IND,27,20,,,,,,,,,0,0,0,0,,,47.2,5.1,0.0,,,,2025-11-02,40.4468,-80.0158,1,7,47,0.61235383665856,-2.1139238209375,,,0.0,0.0,0.0,0.0,,,0.0,0.0,0.0,0.0,,52.437317,,,,,0.0,0.0,0.0,0.0,0.0,0.0,-2.1139238209375,0.61235383665856
2025,9,TEN,LAC,20,27,,,,,,,,,0,0,0,0,,,44.9,7.0,1.0,,,,2025-11-02,36.1665,-86.7713,0,-7,47,0.5022986165314544,-13.5081874209375,,,0.0,0.0,0.0,0.0,,,0.0,0.0,0.0,0.0,,49.483505,,,,,0.0,0.0,0.0,0.0,0.0,0.0,-13.5081874209375,0.5022986165314544
2025,9,WAS,SEA,14,38,,,,,,,,,0,0,0,0,,,53.2,9.0,0.0,,,,2025-11-02,38.9077,-76.8645,0,-24,52,0.61235383665856,-17.7986548209375,,,0.0,0.0,0.0,0.0,,,0.0,0.0,0.0,0.0,,49.2445,,,,,0.0,0.0,0.0,0.0,0.0,0.0,-17.7986548209375,0.61235383665856
2025,10,CAR,NO,7,17,,,,,,,,,0,0,0,0,,,65.9,15.9,0.0,,,,2025-11-09,35.2251,-80.8526,0,-10,24,0.61235383665856,-8.1703013209375,,,0.0,0.0,0.0,0.0,,,0.0,0.0,0.0,0.0,,35.679913,,,,,0.0,0.0,0.0,0.0,0.0,0.0,-8.1703013209375,0.61235383665856
2025,10,CHI,NYG,24,20,,,,,,,,,0,0,0,0,,,32.6,23.6,1.0,,,,2025-11-09,41.8623,-87.6167,1,4,44,0.578165798547827,-6.1714448209375,,,0.0,0.0,0.0,0.0,,,0.0,0.0,0.0,0.0,,49.398655,,,,,0.0,0.0,0.0,0.0,0.0,0.0,-6.1714448209375,0.578165798547827
2025,10,DEN,LV,10,7,,,,,,,,,0,0,0,0,,,55.3,26.3,0.0,,,,2025-11-06,39.7439,-105.0201,1,3,17,0.6841872803002226,-5.5159940209375,,,0.0,0.0,0.0,0.0,,,0.0,0.0,0.0,0.0,,24.150253,,,,,0.0,0.0,0.0,0.0,0.0,0.0,-5.5159940209375,0.6841872803002226
2025,10,GB,PHI,7,10,,,,,,,,,0,0,0,0,,,28.5,16.1,0.0,,,,2025-11-10,44.5013,-88.0622,0,-3,17,0.595150547388159,-5.0944472209375,,,0.0,0.0,0.0,0.0,,,0.0,0.0,0.0,0.0,,24.88337,,,,,0.0,0.0,0.0,0.0,0.0,0.0,-5.0944472209375,0.595150547388159
2025,10,HOU,JAX,36,29,,,,,,,,,0,0,0,0,,,66.1,25.2,0.0,,,,2025-11-09,29.6847,-95.4107,1,7,65,0.7093235365181791,-0.6345845209374998,,,0.0,0.0,0.0,0.0,,,0.0,0.0,0.0,0.0,,57.537052,,,,,0.0,0.0,0.0,0.0,0.0,0.0,-0.6345845209374996,0.7093235365181791
2025,10,IND,ATL,31,25,,,,,,,,,0,0,0,0,,,37.7,25.4,1.0,,,,2025-11-09,39.7601,-86.1639,1,6,56,0.578165798547827,-6.7019309709375,,,0.0,0.0,0.0,0.0,,,0.0,0.0,0.0,0.0,,53.06764,,,,,0.0,0.0,0.0,0.0,0.0,0.0,-6.7019309709375,0.578165798547827
2025,10,LAC,PIT,25,10,,,,,,,,,0,0,0,0,,,63.2,12.4,0.0,,,,2025-11-09,33.9536,-118.3392,1,15,35,0.6593235365181792,2.2607221790624994,,,0.0,0.0,0.0,0.0,,,0.0,0.0,0.0,0.0,,35.668636,,,,,0.0,0.0,0.0,0.0,0.0,0.0,2.2607221790624994,0.6593235365181792
2025,10,MIA,BUF,30,13,,,,,,,,,0,0,0,0,,,78.6,12.1,1.0,,,,2025-11-09,25.958,-80.2389,1,17,43,0.7367745152741301,6.686533179062501,,,0.0,0.0,0.0,0.0,,,0.0,0.0,0.0,0.0,,43.02239,,,,,0.0,0.0,0.0,0.0,0.0,0.0,6.686533179062501,0.7367745152741301
2025,10,MIN,BAL,19,27,,,,,,,,,0,0,0,0,,,26.0,18.7,0.0,,,,2025-11-09,44.9737,-93.2575,0,-8,46,0.3458765140801298,-17.3109038209375,,,0.0,0.0,0.0,0.0,,,0.0,0.0,0.0,0.0,,45.260883,,,,,0.0,0.0,0.0,0.0,0.0,0.0,-17.3109038209375,0.3458765140801298
2025,10,NYJ,CLE,27,20,,,,,,,,,0,0,0,0,,,56.3,11.5,1.0,,,,2025-11-09,40.8136,-74.0745,1,7,47,0.6593235365181792,-1.9508053209375005,,,0.0,0.0,0.0,0.0,,,0.0,0.0,0.0,0.0,,48.980667,,,,,0.0,0.0,0.0,0.0,0.0,0.0,-1.9508053209375,0.6593235365181792
2025,10,SEA,ARI,44,22,,,,,,,,,0,0,0,0,,,53.0,10.0,0.0,,,,2025-11-09,47.5952,-122.3316,1,22,66,0.6593235365181792,6.750139179062501,,,0.0,0.0,0.0,0.0,,,0.0,0.0,0.0,0.0,,55.97107,,,,,0.0,0.0,0.0,0.0,0.0,0.0,6.750139179062501,0.6593235365181792
2025,10,SF,LAR,26,42,,,,,,,,,0,0,0,0,,,64.3,7.0,0.0,,,,2025-11-09,37.403,-121.9692,0,-16,68,0.2569876245289671,-21.9290528209375,,,0.0,0.0,0.0,0.0,,,0.0,0.0,0.0,0.0,,58.263245,,,,,0.0,0.0,0.0,0.0,0.0,0.0,-21.9290528209375,0.2569876245289671
2025,10,TB,NE,23,28,,,,,,,,,0,0,0,0,,,76.3,11.3,1.0,,,,2025-11-09,27.9757,-82.5033,0,-5,51,0.5852648726731169,-12.0445615209375,,,0.0,0.0,0.0,0.0,,,0.0,0.0,0.0,0.0,,48.963448,,,,,0.0,0.0,0.0,0.0,0.0,0.0,-12.0445615209375,0.5852648726731169
2025,10,WAS,DET,22,44,,,,,,,,,0,0,0,0,,,57.2,15.4,1.0,,,,2025-11-09,38.9077,-76.8645,0,-22,66,0.5313791326313841,-24.9092978209375,,,0.0,0.0,0.0,0.0,,,0.0,0.0,0.0,0.0,,59.675976,,,,,0.0,0.0,0.0,0.0,0.0,0.0,-24.9092978209375,0.5313791326313841
2025,11,ARI,SF,22,41,,,,,,,,,0,0,0,0,,,67.3,12.8,1.0,,,,2025-11-16,33.5276,-112.2626,0,-19,63,0.5889772108822692,-21.8805318209375,,,0.0,0.0,0.0,0.0,,,0.0,0.0,0.0,0.0,,57.765026,,,,,0.0,0.0,0.0,0.0,0.0,0.0,-21.8805318209375,0.5889772108822692
2025,11,ATL,CAR,27,30,,,,,,,,,0,0,0,0,,,63.4,15.2,0.0,,,,2025-11-16,33.7554,-84.4008,0,-3,57,0.61235383665856,-6.3613259809375,,,0.0,0.0,0.0,0.0,,,0.0,0.0,0.0,0.0,,48.064713,,,,,0.0,0.0,0.0,0.0,0.0,0.0,-6.3613259809375,0.61235383665856
2025,11,BUF,TB,44,32,,,,,,,,,0,0,0,0,,,39.5,23.6,1.0,,,,2025-11-16,42.7738,-78.7864,1,12,76,0.6570935241013396,-1.0665508209375,,,0.0,0.0,0.0,0.0,,,0.0,0.0,0.0,0.0,,59.154152,,,,,0.0,0.0,0.0,0.0,0.0,0.0,-1.0665508209374996,0.6570935241013396
2025,11,CLE,BAL,16,23,,,,,,,,,0,0,0,0,,,45.1,27.4,0.0,,,,2025-11-16,41.5061,-81.6995,0,-7,39,0.5635995737343656,-12.0073782209375,,,0.0,0.0,0.0,0.0,,,0.0,0.0,0.0,0.0,,39.418232,,,,,0.0,0.0,0.0,0.0,0.0,0.0,-12.0073782209375,0.5635995737343656
2025,11,DEN,KC,22,19,,,,,,,,,0,0,0,0,,,54.7,23.9,0.0,,,,2025-11-16,39.7439,-105.0201,1,3,41,0.8276836029320586,-3.9903661209375,,,0.0,0.0,0.0,0.0,,,0.0,0.0,0.0,0.0,,45.4102,,,,,0.0,0.0,0.0,0.0,0.0,0.0,-3.9903661209375,0.8276836029320586
2025,11,JAX,LAC,35,6,,,,,,,,,0,0,0,0,,,67.6,16.4,0.0,,,,2025-11-16,30.324,-81.6373,1,29,41,0.61235383665856,10.9420471790625,,,0.0,0.0,0.0,0.0,,,0.0,0.0,0.0,0.0,,44.15926,,,,,0.0,0.0,0.0,0.0,0.0,0.0,10.9420471790625,0.61235383665856
2025,11,LAR,SEA,21,19,,,,,,,,,0,0,0,0,,,59.9,9.3,1.0,,,,2025-11-16,33.9536,-118.3392,1,2,40,0.6601531616478789,-4.1835915209375,,,0.0,0.0,0.0,0.0,,,0.0,0.0,0.0,0.0,,43.420906,,,,,0.0,0.0,0.0,0.0,0.0,0.0,-4.1835915209375,0.6601531616478789
2025,11,LV,DAL,16,33,,,,,,,,,0,0,0,0,,,58.8,12.8,0.0,,,,2025-11-17,36.0908,-115.183,0,-17,49,0.5889772108822692,-15.8539418209375,,,0.0,0.0,0.0,0.0,,,0.0,0.0,0.0,0.0,,51.246872,,,,,0.0,0.0,0.0,0.0,0.0,0.0,-15.8539418209375,0.5889772108822692
2025,11,MIA,WAS,16,13,,,,,,,,,0,0,0,0,,,70.5,9.3,0.0,,,,2025-11-16,25.958,-80.2389,1,3,29,0.7093235365181791,-0.4424444209375002,,,0.0,0.0,0.0,0.0,,,0.0,0.0,0.0,0.0,,41.476536,,,,,0.0,0.0,0.0,0.0,0.0,0.0,-0.4424444209375,0.7093235365181791
2025,11,MIN,CHI,17,19,,,,,,,,,0,0,0,0,,,36.0,10.4,0.0,,,,2025-11-16,44.9737,-93.2575,0,-2,36,0.61235383665856,-4.0944880209375,,,0.0,0.0,0.0,0.0,,,0.0,0.0,0.0,0.0,,37.148674,,,,,0.0,0.0,0.0,0.0,0.0,0.0,-4.0944880209375,0.61235383665856
2025,11,NE,NYJ,27,14,,,,,,,,,0,0,0,0,,,42.9,11.5,1.0,,,,2025-11-13,42.0909,-71.2643,1,13,41,0.8276836029320586,5.349915179062499,,,0.0,0.0,0.0,0.0,,,0.0,0.0,0.0,0.0,,43.785694,,,,,0.0,0.0,0.0,0.0,0.0,0.0,5.349915179062499,0.8276836029320586
2025,11,NYG,GB,20,27,,,,,,,,,0,0,0,0,,,48.9,25.4,1.0,,,,2025-11-16,40.8136,-74.0745,0,-7,47,0.578165798547827,-6.5814710809375,,,0.0,0.0,0.0,0.0,,,0.0,0.0,0.0,0.0,,51.273888,,,,,0.0,0.0,0.0,0.0,0.0,0.0,-6.5814710809375,0.578165798547827
2025,11,PHI,DET,16,9,,,,,,,,,0,0,0,0,,,53.9,28.3,0.0,,,,2025-11-16,39.9008,-75.1675,1,7,25,0.7093235365181791,0.6512471790624994,,,0.0,0.0,0.0,0.0,,,0.0,0.0,0.0,0.0,,24.690525,,,,,0.0,0.0,0.0,0.0,0.0,0.0,0.6512471790624996,0.7093235365181791
2025,11,PIT,CIN,34,12,,,,,,,,,0,0,0,0,,,45.3,21.4,1.0,,,,2025-11-16,40.4468,-80.0158,1,22,46,0.6092769137650359,5.2585381790625,,,0.0,0.0,0.0,0.0,,,0.0,0.0,0.0,0.0,,44.472527,,,,,0.0,0.0,0.0,0.0,0.0,0.0,5.2585381790625,0.6092769137650359
2025,11,TEN,HOU,13,16,,,,,,,,,0,0,0,0,,,60.8,11.6,0.0,,,,2025-11-16,36.1665,-86.7713,0,-3,29,0.61235383665856,-4.696608420937499,,,0.0,0.0,0.0,0.0,,,0.0,0.0,0.0,0.0,,32.428825,,,,,0.0,0.0,0.0,0.0,0.0,0.0,-4.696608420937499,0.61235383665856
2025,12,ARI,JAX,24,27,,,,,,,,,0,0,0,0,,,59.3,9.0,1.0,,,,2025-11-23,33.5276,-112.2626,0,-3,51,0.61235383665856,-7.2442632409375,,,0.0,0.0,0.0,0.0,,,0.0,0.0,0.0,0.0,,52.068165,,,,,0.0,0.0,0.0,0.0,0.0,0.0,-7.2442632409375,0.61235383665856
2025,12,BAL,NYJ,23,10,,,,,,,,,0,0,0,0,,,44.9,15.5,0.0,,,,2025-11-23,39.2779,-76.6223,1,13,33,0.6593235365181792,0.8367411790624997,,,0.0,0.0,0.0,0.0,,,0.0,0.0,0.0,0.0,,40.468296,,,,,0.0,0.0,0.0,0.0,0.0,0.0,0.8367411790624999,0.6593235365181792
2025,12,CHI,PIT,31,28,,,,,,,,,0,0,0,0,,,45.1,8.5,0.0,,,,2025-11-23,41.8623,-87.6167,1,3,59,0.6593235365181792,-5.9735368209375,,,0.0,0.0,0.0,0.0,,,0.0,0.0,0.0,0.0,,54.233177,,,,,0.0,0.0,0.0,0.0,0.0,0.0,-5.9735368209375,0.6593235365181792
2025,12,CIN,NE,20,26,,,,,,,,,0,0,0,0,,,43.8,4.8,0.0,,,,2025-11-23,39.0955,-84.5161,0,-6,46,0.6092769137650359,-10.6824888209375,,,0.0,0.0,0.0,0.0,,,0.0,0.0,0.0,0.0,,48.133698,,,,,0.0,0.0,0.0,0.0,0.0,0.0,-10.6824888209375,0.6092769137650359
2025,12,DAL,PHI,24,21,,,,,,,,,0,0,0,0,,,59.4,8.8,1.0,,,,2025-11-23,32.7473,-97.0945,1,3,45,0.6763915530472624,-4.8898038209375,,,0.0,0.0,0.0,0.0,,,0.0,0.0,0.0,0.0,,43.273865,,,,,0.0,0.0,0.0,0.0,0.0,0.0,-4.8898038209375,0.6763915530472624
2025,12,DET,NYG,34,27,,,,,,,,,0,0,0,0,,,45.0,14.6,0.0,,,,2025-11-23,42.34,-83.0456,1,7,61,0.7367745152741301,2.4656461790624995,,,0.0,0.0,0.0,0.0,,,0.0,0.0,0.0,0.0,,54.201214,,,,,0.0,0.0,0.0,0.0,0.0,0.0,2.4656461790624995,0.7367745152741301
2025,12,GB,MIN,23,6,,,,,,,,,0,0,0,0,,,37.0,12.6,0.0,,,,2025-11-23,44.5013,-88.0622,1,17,29,0.7367745152741301,4.096868179062501,,,0.0,0.0,0.0,0.0,,,0.0,0.0,0.0,0.0,,35.0642,,,,,0.0,0.0,0.0,0.0,0.0,0.0,4.096868179062501,0.7367745152741301
2025,12,HOU,BUF,23,19,,,,,,,,,0,0,0,0,,,74.5,17.9,0.0,,,,2025-11-20,29.6847,-95.4107,1,4,42,0.61235383665856,-8.0970543609375,,,0.0,0.0,0.0,0.0,,,0.0,0.0,0.0,0.0,,38.695286,,,,,0.0,0.0,0.0,0.0,0.0,0.0,-8.0970543609375,0.61235383665856
2025,12,KC,IND,23,20,,,,,,,,,0,0,0,0,,,47.0,8.1,0.0,,,,2025-11-23,39.0489,-94.4839,1,3,43,0.61235383665856,-7.5879019809375,,,0.0,0.0,0.0,0.0,,,0.0,0.0,0.0,0.0,,49.80203,,,,,0.0,0.0,0.0,0.0,0.0,0.0,-7.5879019809375,0.61235383665856
2025,12,LAR,TB,34,7,,,,,,,,,0,0,0,0,,,61.1,9.0,0.0,,,,2025-11-23,33.9536,-118.3392,1,27,41,0.61235383665856,3.0985071790625,,,0.0,0.0,0.0,0.0,,,0.0,0.0,0.0,0.0,,39.951958,,,,,0.0,0.0,0.0,0.0,0.0,0.0,3.0985071790625,0.61235383665856
2025,12,LV,CLE,10,24,,,,,,,,,0,0,0,0,,,57.8,8.0,0.0,,,,2025-11-23,36.0908,-115.183,0,-14,34,0.5124186090260374,-16.6703948209375,,,0.0,0.0,0.0,0.0,,,0.0,0.0,0.0,0.0,,40.907555,,,,,0.0,0.0,0.0,0.0,0.0,0.0,-16.6703948209375,0.5124186090260374
2025,12,NO,ATL,10,24,,,,,,,,,0,0,0,0,,,67.9,17.5,0.0,,,,2025-11-23,29.95,-90.0811,0,-14,34,0.5632228962212431,-13.9660318209375,,,0.0,0.0,0.0,0.0,,,0.0,0.0,0.0,0.0,,40.17846,,,,,0.0,0.0,0.0,0.0,0.0,0.0,-13.9660318209375,0.5632228962212431
2025,12,SF,CAR,20,9,,,,,,,,,0,0,0,0,,,53.9,8.0,0.0,,,,2025-11-24,37.403,-121.9692,1,11,29,0.7046615234642851,-0.0062478209375005,,,0.0,0.0,0.0,0.0,,,0.0,0.0,0.0,0.0,,37.87082,,,,,0.0,0.0,0.0,0.0,0.0,0.0,-0.0062478209375003,0.7046615234642851
2025,12,TEN,SEA,24,30,,,,,,,,,0,0,0,0,,,55.0,7.8,0.0,,,,2025-11-23,36.1665,-86.7713,0,-6,54,0.6092769137650359,-13.3597728209375,,,0.0,0.0,0.0,0.0,,,0.0,0.0,0.0,0.0,,53.303276,,,,,0.0,0.0,0.0,0.0,0.0,0.0,-13.3597728209375,0.6092769137650359
2025,13,BAL,CIN,14,32,,,,,,,,,0,0,0,0,,,41.1,19.5,0.0,,,,2025-11-27,39.2779,-76.6223,0,-18,46,0.3460616840465556,-23.0565768209375,,,0.0,0.0,0.0,0.0,,,0.0,0.0,0.0,0.0,,41.049267,,,,,0.0,0.0,0.0,0.0,0.0,0.0,-23.0565768209375,0.3460616840465556
2025,13,CAR,LAR,31,28,,,,,,,,,0,0,0,0,,,42.6,5.1,1.0,,,,2025-11-30,35.2251,-80.8526,1,3,59,0.61235383665856,-5.6002133209375,,,0.0,0.0,0.0,0.0,,,0.0,0.0,0.0,0.0,,54.815823,,,,,0.0,0.0,0.0,0.0,0.0,0.0,-5.6002133209375,0.61235383665856
2025,13,CLE,SF,8,26,,,,,,,,,0,0,0,0,,,34.3,32.0,1.0,,,,2025-11-30,41.5061,-81.6995,0,-18,34,0.578165798547827,-21.976576820937503,,,0.0,0.0,0.0,0.0,,,0.0,0.0,0.0,0.0,,34.65916,,,,,0.0,0.0,0.0,0.0,0.0,0.0,-21.976576820937503,0.578165798547827
2025,13,DAL,KC,31,28,,,,,,,,,0,0,0,0,,,52.6,5.3,0.0,,,,2025-11-27,32.7473,-97.0945,1,3,59,0.6593235365181792,-4.4807592209375,,,0.0,0.0,0.0,0.0,,,0.0,0.0,0.0,0.0,,52.960308,,,,,0.0,0.0,0.0,0.0,0.0,0.0,-4.4807592209375,0.6593235365181792
2025,13,DET,GB,24,31,,,,,,,,,0,0,0,0,,,32.5,21.8,0.0,,,,2025-11-27,42.34,-83.0456,0,-7,55,0.3458765140801298,-13.6806368209375,,,0.0,0.0,0.0,0.0,,,0.0,0.0,0.0,0.0,,49.033882,,,,,0.0,0.0,0.0,0.0,0.0,0.0,-13.6806368209375,0.3458765140801298
2025,13,IND,HOU,16,20,,,,,,,,,0,0,0,0,,,28.1,25.8,1.0,,,,2025-11-30,39.7601,-86.1639,0,-4,36,0.578165798547827,-10.6827378209375,,,0.0,0.0,0.0,0.0,,,0.0,0.0,0.0,0.0,,36.5879,,,,,0.0,0.0,0.0,0.0,0.0,0.0,-10.6827378209375,0.578165798547827
2025,13,LAC,LV,31,14,,,,,,,,,0,0,0,0,,,58.7,8.9,0.0,,,,2025-11-30,33.9536,-118.3392,1,17,45,0.7093235365181791,7.2095621790625,,,0.0,0.0,0.0,0.0,,,0.0,0.0,0.0,0.0,,45.455154,,,,,0.0,0.0,0.0,0.0,0.0,0.0,7.2095621790625,0.7093235365181791
2025,13,MIA,NO,21,17,,,,,,,,,0,0,0,0,,,74.1,17.5,1.0,,,,2025-11-30,25.958,-80.2389,1,4,38,0.6928427211075652,-3.6941443209375,,,0.0,0.0,0.0,0.0,,,0.0,0.0,0.0,0.0,,36.11438,,,,,0.0,0.0,0.0,0.0,0.0,0.0,-3.6941443209375,0.6928427211075652
2025,13,NE,NYG,33,15,,,,,,,,,0,0,0,0,,,35.8,15.3,0.0,,,,2025-12-01,42.0909,-71.2643,1,18,48,0.6593235365181792,5.3361991790625005,,,0.0,0.0,0.0,0.0,,,0.0,0.0,0.0,0.0,,45.995506,,,,,0.0,0.0,0.0,0.0,0.0,0.0,5.3361991790625005,0.6593235365181792
2025,13,NYJ,ATL,27,24,,,,,,,,,0,0,0,0,,,40.0,11.1,1.0,,,,2025-11-30,40.8136,-74.0745,1,3,51,0.7327441803246367,-6.8412157209375,,,0.0,0.0,0.0,0.0,,,0.0,0.0,0.0,0.0,,52.836147,,,,,0.0,0.0,0.0,0.0,0.0,0.0,-6.8412157209375,0.7327441803246367
2025,13,PHI,CHI,15,24,,,,,,,,,0,0,0,0,,,37.2,24.8,0.0,,,,2025-11-28,39.9008,-75.1675,0,-9,39,0.441051243904196,-14.1900092209375,,,0.0,0.0,0.0,0.0,,,0.0,0.0,0.0,0.0,,39.580254,,,,,0.0,0.0,0.0,0.0,0.0,0.0,-14.1900092209375,0.441051243904196
2025,13,PIT,BUF,7,26,,,,,,,,,0,0,0,0,,,36.9,23.2,1.0,,,,2025-11-30,40.4468,-80.0158,0,-19,33,0.5547891727715362,-17.3317818209375,,,0.0,0.0,0.0,0.0,,,0.0,0.0,0.0,0.0,,34.278625,,,,,0.0,0.0,0.0,0.0,0.0,0.0,-17.3317818209375,0.5547891727715362
2025,13,SEA,MIN,26,0,,,,,,,,,0,0,0,0,,,36.9,6.2,0.0,,,,2025-11-30,47.5952,-122.3316,1,26,26,0.61235383665856,12.1379201790625,,,0.0,0.0,0.0,0.0,,,0.0,0.0,0.0,0.0,,30.174051,,,,,0.0,0.0,0.0,0.0,0.0,0.0,12.1379201790625,0.61235383665856
2025,13,TB,ARI,20,17,,,,,,,,,0,0,0,0,,,72.6,11.3,0.0,,,,2025-11-30,27.9757,-82.5033,1,3,37,0.61235383665856,-7.0615595189375,,,0.0,0.0,0.0,0.0,,,0.0,0.0,0.0,0.0,,40.035305,,,,,0.0,0.0,0.0,0.0,0.0,0.0,-7.0615595189375,0.61235383665856
2025,13,TEN,JAX,3,25,,,,,,,,,0,0,0,0,,,40.0,18.3,1.0,,,,2025-11-30,36.1665,-86.7713,0,-22,28,0.531729441049658,-22.8959278209375,,,0.0,0.0,0.0,0.0,,,0.0,0.0,0.0,0.0,,36.769615,,,,,0.0,0.0,0.0,0.0,0.0,0.0,-22.8959278209375,0.531729441049658
2025,13,WAS,DEN,26,27,,,,,,,,,0,0,0,0,,,38.7,14.3,1.0,,,,2025-11-30,38.9077,-76.8645,0,-1,53,0.6092769137650359,-5.8139358209375,,,0.0,0.0,0.0,0.0,,,0.0,0.0,0.0,0.0,,51.06348,,,,,0.0,0.0,0.0,0.0,0.0,0.0,-5.8139358209375,0.6092769137650359
2025,14,ARI,LAR,17,45,,,,,,,,,0,0,0,0,,,55.8,6.3,0.0,,,,2025-12-07,33.5276,-112.2626,0,-28,62,0.4489068142205107,-31.8174118209375,,,0.0,0.0,0.0,0.0,,,0.0,0.0,0.0,0.0,,57.381374,,,,,0.0,0.0,0.0,0.0,0.0,0.0,-31.8174118209375,0.4489068142205107
2025,14,ATL,SEA,9,37,,,,,,,,,0,0,0,0,,,38.3,7.4,0.0,,,,2025-12-07,33.7554,-84.4008,0,-28,46,0.61235383665856,-28.3124678209375,,,0.0,0.0,0.0,0.0,,,0.0,0.0,0.0,0.0,,44.924892,,,,,0.0,0.0,0.0,0.0,0.0,0.0,-28.3124678209375,0.61235383665856
2025,14,BAL,PIT,22,27,,,,,,,,,0,0,0,0,,,34.4,7.0,0.0,,,,2025-12-07,39.2779,-76.6223,0,-5,49,0.5040517202645171,-10.4842990209375,,,0.0,0.0,0.0,0.0,,,0.0,0.0,0.0,0.0,,47.01332,,,,,0.0,0.0,0.0,0.0,0.0,0.0,-10.4842990209375,0.5040517202645171
2025,14,BUF,CIN,39,34,,,,,,,,,0,0,0,0,,,29.1,14.1,1.0,,,,2025-12-07,42.7738,-78.7864,1,5,73,0.6593235365181792,-2.7277278209375,,,0.0,0.0,0.0,0.0,,,0.0,0.0,0.0,0.0,,67.83189,,,,,0.0,0.0,0.0,0.0,0.0,0.0,-2.7277278209375,0.6593235365181792
2025,14,CLE,TEN,29,31,,,,,,,,,0,0,0,0,,,31.9,22.8,1.0,,,,2025-12-07,41.5061,-81.6995,0,-2,60,0.5127054146557677,-10.8608120209375,,,0.0,0.0,0.0,0.0,,,0.0,0.0,0.0,0.0,,57.901814,,,,,0.0,0.0,0.0,0.0,0.0,0.0,-10.8608120209375,0.5127054146557677
2025,14,DET,DAL,44,30,,,,,,,,,0,0,0,0,,,22.3,13.0,0.0,,,,2025-12-04,42.34,-83.0456,1,14,74,0.7093235365181791,4.1243761790625,,,0.0,0.0,0.0,0.0,,,0.0,0.0,0.0,0.0,,66.14278,,,,,0.0,0.0,0.0,0.0,0.0,0.0,4.1243761790625,0.7093235365181791
2025,14,GB,CHI,28,21,,,,,,,,,0,0,0,0,,,12.8,12.6,1.0,,,,2025-12-07,44.5013,-88.0622,1,7,49,0.7367745152741301,1.7569961790625006,,,0.0,0.0,0.0,0.0,,,0.0,0.0,0.0,0.0,,52.538326,,,,,0.0,0.0,0.0,0.0,0.0,0.0,1.7569961790625008,0.7367745152741301
2025,14,JAX,IND,36,19,,,,,,,,,0,0,0,0,,,58.2,12.2,1.0,,,,2025-12-07,30.324,-81.6373,1,17,55,0.7093235365181791,6.230199679062499,,,0.0,0.0,0.0,0.0,,,0.0,0.0,0.0,0.0,,46.763985,,,,,0.0,0.0,0.0,0.0,0.0,0.0,6.230199679062499,0.7093235365181791
2025,14,KC,HOU,10,20,,,,,,,,,0,0,0,0,,,32.3,17.4,0.0,,,,2025-12-07,39.0489,-94.4839,0,-10,30,0.4205881706505644,-15.5603658209375,,,0.0,0.0,0.0,0.0,,,0.0,0.0,0.0,0.0,,32.83354,,,,,0.0,0.0,0.0,0.0,0.0,0.0,-15.5603658209375,0.4205881706505644
2025,14,LAC,PHI,22,19,,,,,,,,,0,0,0,0,,,63.1,7.6,0.0,,,,2025-12-08,33.9536,-118.3392,1,3,41,0.6593235365181792,-7.9985960209375,,,0.0,0.0,0.0,0.0,,,0.0,0.0,0.0,0.0,,42.619244,,,,,0.0,0.0,0.0,0.0,0.0,0.0,-7.9985960209375,0.6593235365181792
2025,14,LV,DEN,17,24,,,,,,,,,0,0,0,0,,,52.9,6.9,0.0,,,,2025-12-07,36.0908,-115.183,0,-7,41,0.61235383665856,-10.9989503209375,,,0.0,0.0,0.0,0.0,,,0.0,0.0,0.0,0.0,,51.770454,,,,,0.0,0.0,0.0,0.0,0.0,0.0,-10.9989503209375,0.61235383665856
2025,14,MIN,WAS,31,0,,,,,,,,,0,0,0,0,,,6.8,10.0,0.0,,,,2025-12-07,44.9737,-93.2575,1,31,31,0.61235383665856,1.4328851790625003,,,0.0,0.0,0.0,0.0,,,0.0,0.0,0.0,0.0,,55.36291,,,,,0.0,0.0,0.0,0.0,0.0,0.0,1.4328851790625006,0.61235383665856
2025,14,NYJ,MIA,10,34,,,,,,,,,0,0,0,0,,,35.6,11.2,0.0,,,,2025-12-07,40.8136,-74.0745,0,-24,44,0.61235383665856,-5.8655089209375,,,0.0,0.0,0.0,0.0,,,0.0,0.0,0.0,0.0,,44.4591,,,,,0.0,0.0,0.0,0.0,0.0,0.0,-5.8655089209375,0.61235383665856
2025,14,TB,NO,20,24,,,,,,,,,0,0,0,0,,,68.6,13.2,1.0,,,,2025-12-07,27.9757,-82.5033,0,-4,44,0.5889772108822692,-1.7988502209375,,,0.0,0.0,0.0,0.0,,,0.0,0.0,0.0,0.0,,51.731724,,,,,0.0,0.0,0.0,0.0,0.0,0.0,-1.7988502209375,0.5889772108822692
2025,15,CHI,CLE,0,0,,,,,,,,,0,0,0,0,,,8.3,20.6,0.0,-425.0,330.0,-7.5,2025-12-14,41.8623,-87.6167,0,0,0,0.3458765140801298,-14.2967735209375,0.8095238095238095,-0.4636472954436797,0.0,0.0,0.0,0.0,0.3005467214707649,-0.2234532785292351,0.0,0.0,0.0,0.0,38.5,48.18321,0.8335579216626282,0.1664420783373718,0.3095579216626282,-0.3575579216626282,0.3252266625159281,0.0,0.03,0.0,3.0,0.0,-14.2967735209375,0.3458765140801298
2025,15,CIN,BAL,0,0,,,,,,,,,0,0,0,0,,,8.8,8.9,1.0,114.0,-135.0,2.5,2025-12-14,39.0955,-84.5161,0,0,0,0.61235383665856,-3.6821818209375,0.4672897196261682,0.1450641170323918,0.1529594889858311,0.0764797444929155,0.03,3.0,0.3171966298340763,-0.2068033701659236,0.0,0.0,0.0,0.0,51.5,46.48526,0.3080187861497099,0.6919812138502901,-0.2159812138502901,0.16798121385029,0.0,0.1765633318152936,0.0,0.03,0.0,3.0,-3.6821818209375,0.61235383665856
2025,15,DAL,MIN,0,0,,,,,,,,,0,0,0,0,,,42.2,14.3,0.0,-270.0,220.0,-5.5,2025-12-14,32.7473,-97.0945,0,0,0,0.7093235365181791,-3.3791598209375,0.7297297297297297,-0.020406193211550572,0.0,0.0,0.0,0.0,0.564796507962798,0.0407965079627979,0.0860247895500344,0.0430123947750172,0.03,3.0,47.5,47.847725,0.5138694219998561,0.486130578000144,-0.0101305780001439,-0.037869421999856,0.0,0.0,0.0,0.0,0.0,0.0,-3.3791598209375,0.7093235365181791
2025,15,DEN,GB,0,0,,,,,,,,,0,0,0,0,,,44.7,6.3,0.0,114.0,-135.0,2.5,2025-12-14,39.7439,-105.0201,0,0,0,0.3755712888270247,-15.3974858209375,0.4672897196261682,-0.09171843079914355,0.0,0.0,0.0,0.0,0.0842979196817793,-0.4397020803182207,0.0,0.0,0.0,0.0,42.5,50.352104,0.7838348960726764,0.2161651039273236,0.2598348960726764,-0.3078348960726764,0.2730147506065672,0.0,0.03,0.0,3.0,0.0,-15.3974858209375,0.3755712888270247
2025,15,HOU,ARI,0,0,,,,,,,,,0,0,0,0,,,58.6,14.3,1.0,-575.0,425.0,-9.5,2025-12-14,29.6847,-95.4107,0,0,0,0.5889772108822692,-1.8747993209375,0.8518518518518519,-0.2628746409695827,0.0,0.0,0.0,0.0,0.7212483236388021,0.197248323638802,0.4145908138905094,0.2072954069452547,0.03,3.0,42.5,49.82247,0.7679911383721605,0.2320088616278395,0.2439911383721604,-0.2919911383721604,0.2563779335272026,0.0,0.03,0.0,3.0,0.0,-1.8747993209375,0.5889772108822692
2025,15,JAX,NYJ,0,0,,,,,,,,,0,0,0,0,,,58.5,14.5,1.0,-900.0,600.0,-13.5,2025-12-14,30.324,-81.6373,0,0,0,0.5889772108822692,-0.8896158209375005,0.9,-0.31102278911773085,0.0,0.0,0.0,0.0,0.833984119065204,0.3099841190652039,0.6513483864636681,0.325674193231834,0.03,3.0,41.5,50.7979,0.8237601174006189,0.176239882599381,0.2997601174006189,-0.3477601174006189,0.3149384291076906,0.0,0.03,0.0,3.0,0.0,-0.8896158209375002,0.5889772108822692
2025,15,KC,LAC,0,0,,,,,,,,,0,0,0,0,,,14.7,8.9,0.0,-230.0,190.0,-5.5,2025-12-14,39.0489,-94.4839,0,0,0,0.61235383665856,1.4266521790625004,0.696969696969697,-0.08461586031113699,0.0,0.0,0.0,0.0,0.7029206978394626,0.1789206978394626,0.3761007834714347,0.1880503917357173,0.03,3.0,41.5,47.281498,0.7184185047658811,0.2815814952341189,0.194418504765881,-0.242418504765881,0.2043239414730841,0.0,0.03,0.0,3.0,0.0,1.4266521790625006,0.61235383665856
2025,15,LAR,DET,0,0,,,,,,,,,0,0,0,0,,,61.9,7.2,0.0,-250.0,205.0,-5.5,2025-12-14,33.9536,-118.3392,0,0,0,0.61235383665856,2.3285901790625,0.7142857142857143,-0.10193187762715428,0.0,0.0,0.0,0.0,0.7264792407520637,0.2024792407520637,0.4255763152867872,0.2127881576433936,0.03,3.0,54.5,50.936295,0.3607815427047602,0.6392184572952397,-0.1632184572952397,0.1152184572952397,0.0,0.121159535190656,0.0,0.03,0.0,3.0,2.3285901790625,0.61235383665856
2025,15,NE,BUF,0,0,,,,,,,,,0,0,0,0,,,26.4,11.0,1.0,-102.0,-118.0,1.5,2025-12-14,42.0909,-71.2643,0,0,0,0.61235383665856,7.0562891790625,0.504950495049505,0.10740334160905507,0.0885210800170898,0.0442605400085449,0.03,3.0,0.6654584941194899,0.1414584941194898,0.2974260344049573,0.1487130172024786,0.03,3.0,49.5,61.18568,0.8787111442192043,0.1212888557807957,0.3547111442192042,-0.4027111442192043,0.3726400298759411,0.0,0.03,0.0,3.0,0.0,7.0562891790625,0.61235383665856
2025,15,NO,CAR,0,0,,,,,,,,,0,0,0,0,,,54.3,14.3,0.0,120.0,-142.0,2.5,2025-12-14,29.95,-90.0811,0,0,0,0.8925403109818327,11.9163941790625,0.4545454545454545,0.43799485643637825,0.686425358057022,0.343212679028511,0.03,3.0,0.7655708776474464,0.2415708776474463,0.5076730532772002,0.2538365266386001,0.03,3.0,40.5,49.34057,0.8116672387291266,0.1883327612708734,0.2876672387291266,-0.3356672387291265,0.3022402413277792,0.0,0.03,0.0,3.0,0.0,11.9163941790625,0.8925403109818327
2025,15,NYG,WAS,0,0,,,,,,,,,0,0,0,0,,,28.4,14.3,1.0,-142.0,120.0,-2.5,2025-12-14,40.8136,-74.0745,0,0,0,0.61235383665856,-2.4196138209375,,,0.0,0.0,0.0,0.0,0.5024668647091951,-0.0215331352908049,0.0,0.0,0.0,0.0,46.5,54.812363,0.7970799147249064,0.2029200852750936,0.2730799147249063,-0.3210799147249064,0.2869227487402894,0.0,0.03,0.0,3.0,0.0,-2.4196138209375,0.61235383665856
2025,15,PHI,LV,0,0,,,,,,,,,0,0,0,0,,,27.9,11.6,1.0,-675.0,490.0,-11.5,2025-12-14,39.9008,-75.1675,0,0,0,0.7093235365181791,-1.9039551209375003,0.8709677419354839,-0.16164420541730473,0.0,0.0,0.0,0.0,0.7697905658926948,0.2457905658926947,0.5165348628043503,0.2582674314021752,0.03,3.0,38.5,56.007133,0.9600023505176732,0.0399976494823267,0.4360023505176732,-0.4840023505176733,0.4580002679528264,0.0,0.03,0.0,3.0,0.0,-1.9039551209375,0.7093235365181791
2025,15,PIT,MIA,0,0,,,,,,,,,0,0,0,0,,,20.0,9.8,1.0,-175.0,145.0,-3.0,2025-12-15,40.4468,-80.0158,0,0,0,0.61235383665856,0.6972874790624999,0.6363636363636364,-0.02400979970507633,0.0,0.0,0.0,0.0,0.6119506486424019,0.0879506486424018,0.1850536724514248,0.0925268362257124,0.03,3.0,41.5,54.41548,0.901743166133356,0.098256833866644,0.3777431661333559,-0.4257431661333559,0.3968249197736944,0.0,0.03,0.0,3.0,0.0,0.6972874790625001,0.61235383665856
2025,15,SEA,IND,0,0,,,,,,,,,0,0,0,0,,,52.7,9.8,1.0,-1050.0,675.0,-14.0,2025-12-14,47.5952,-122.3316,0,0,0,0.61235383665856,6.3738411790625005,0.9130434782608696,-0.3006896416023096,0.0,0.0,0.0,0.0,0.941468192275365,0.417468192275365,0.8770767646355027,0.4385383823177513,0.03,3.0,42.5,52.178303,0.8334354298196978,0.1665645701803022,0.3094354298196977,-0.3574354298196978,0.3250980393431259,0.0,0.03,0.0,3.0,0.0,6.3738411790625005,0.61235383665856
2025,15,SF,TEN,0,0,,,,,,,,,0,0,0,0,,,51.9,2.7,1.0,-950.0,625.0,-12.5,2025-12-14,37.403,-121.9692,0,0,0,0.61235383665856,-12.0503751209375,0.9047619047619048,-0.29240806810334474,0.0,0.0,0.0,0.0,0.5137952783758647,-0.0102047216241353,0.0,0.0,0.0,0.0,44.5,82.31675,0.9999221116596873,7.788834031291217e-05,0.4759221116596871,-0.5239221116596872,0.4999182129583843,0.0,0.03,0.0,3.0,0.0,-12.0503751209375,0.61235383665856
2025,15,TB,ATL,0,0,,,,,,,,,0,0,0,0,,,61.5,12.4,0.0,-238.0,195.0,-4.5,2025-12-11,27.9757,-82.5033,0,0,0,0.639804815414511,6.0695991790625,0.7041420118343196,-0.06433719641980862,0.0,0.0,0.0,0.0,0.7919041834962968,0.2679041834962967,0.562975892513125,0.2814879462565625,0.03,3.0,43.5,36.49595,0.2418371695828653,0.7581628304171346,-0.2821628304171346,0.2341628304171346,0.0,0.2460576695634268,0.0,0.03,0.0,3.0,6.0695991790625,0.639804815414511
2025,16,ARI,ATL,0,0,,,,,,,,,0,0,0,0,,,66.1,6.7,0.0,-118.0,-102.0,-1.5,2025-12-21,33.5276,-112.2626,0,0,0,0.4859469107418883,-15.0576778209375,0.5412844036697247,-0.05533749292783646,0.0,0.0,0.0,0.0,0.1484976999429437,-0.3755023000570562,0.0,0.0,0.0,0.0,45.5,55.401764,0.8389560451306071,0.161043954869393,0.314956045130607,-0.362956045130607,0.3308949890837892,0.0,0.03,0.0,3.0,0.0,-15.0576778209375,0.4859469107418883
2025,16,BAL,NE,0,0,,,,,,,,,0,0,0,0,,,36.4,14.5,1.0,-142.0,120.0,-2.5,2025-12-21,39.2779,-76.6223,0,0,0,0.61235383665856,-4.2217548209375,0.5867768595041323,0.02557697715442775,0.0,0.0,0.0,0.0,0.4473170796957004,-0.0766829203042995,0.0,0.0,0.0,0.0,48.5,41.834152,0.252518697485855,0.747481302514145,-0.271481302514145,0.223481302514145,0.0,0.2348414777224989,0.0,0.03,0.0,3.0,-4.2217548209375,0.61235383665856
2025,16,CAR,TB,0,0,,,,,,,,,0,0,0,0,,,54.5,9.6,1.0,105.0,-125.0,1.5,2025-12-21,35.2251,-80.8526,0,0,0,0.7093235365181791,1.506343179062499,0.4878048780487805,0.22151865846939867,0.3083544277009509,0.1541772138504754,0.03,3.0,0.5001946586322903,-0.0238053413677097,0.0,0.0,0.0,0.0,45.5,55.000557,0.8289580230296529,0.171041976970347,0.3049580230296529,-0.352958023029653,0.3203965159315772,0.0,0.03,0.0,3.0,0.0,1.5063431790624993,0.7093235365181791
2025,16,CHI,GB,0,0,,,,,,,,,0,0,0,0,,,34.6,9.8,1.0,140.0,-166.0,3.0,2025-12-20,41.8623,-87.6167,0,0,0,0.61235383665856,-1.8896614209375,0.4166666666666667,0.19568716999189334,0.2264676775251116,0.1132338387625558,0.03,3.0,0.3534109433128941,-0.1705890566871059,0.0,0.0,0.0,0.0,45.5,48.753807,0.6275535222358821,0.3724464777641179,0.1035535222358821,-0.1515535222358821,0.1089107117427387,0.0,0.03,0.0,3.0,0.0,-1.8896614209375,0.61235383665856
2025,16,CLE,BUF,0,0,,,,,,,,,0,0,0,0,,,34.5,14.8,1.0,370.0,-485.0,8.5,2025-12-21,41.5061,-81.6995,0,0,0,0.61235383665856,-3.4845413209375,0.2127659574468085,0.39958787921175154,0.4268195178057696,0.2134097589028848,0.03,3.0,0.1782935533037468,-0.3457064466962531,0.0,0.0,0.0,0.0,42.5,39.641037,0.387478773363186,0.612521226636814,-0.1365212266368139,0.0885212266368139,0.0,0.0931259745047732,0.0,0.03,0.0,3.0,-3.4845413209375,0.61235383665856
2025,16,DAL,LAC,0,0,,,,,,,,,0,0,0,0,,,64.6,12.3,0.0,-135.0,114.0,-1.5,2025-12-21,32.7473,-97.0945,0,0,0,0.6793121925621856,2.126596179062499,0.574468085106383,0.10484410745580253,0.0969682443141938,0.0484841221570969,0.03,3.0,0.6098656682156312,0.0858656682156311,0.1806749841844222,0.0903374920922111,0.03,3.0,48.5,39.655025,0.188213868706943,0.811786131293057,-0.335786131293057,0.2877861312930569,0.0,0.3023650850596511,0.0,0.03,0.0,3.0,2.126596179062499,0.6793121925621856
2025,16,DEN,JAX,0,0,,,,,,,,,0,0,0,0,,,47.6,5.6,1.0,-148.0,124.0,-2.5,2025-12-21,39.7439,-105.0201,0,0,0,0.6120312920838225,-4.3831808209375005,0.5967741935483871,0.015257098535435332,0.0,0.0,0.0,0.0,0.4424106793773345,-0.0815893206226655,0.0,0.0,0.0,0.0,43.5,54.46597,0.8635911802546186,0.1364088197453813,0.3395911802546185,-0.3875911802546186,0.35676323603194,0.0,0.03,0.0,3.0,0.0,-4.3831808209375005,0.6120312920838225
2025,16,DET,PIT,0,0,,,,,,,,,0,0,0,0,,,29.9,8.5,1.0,-290.0,235.0,-6.5,2025-12-21,42.34,-83.0456,0,0,0,0.61235383665856,-6.6886942409375,0.7435897435897436,-0.1312359069311836,0.0,0.0,0.0,0.0,0.4942095794190713,-0.0297904205809286,0.0,0.0,0.0,0.0,49.5,63.246796,0.9153845954167084,0.0846154045832916,0.3913845954167083,-0.4393845954167084,0.4111491708748604,0.0,0.03,0.0,3.0,0.0,-6.6886942409375,0.61235383665856
2025,16,HOU,LV,0,0,,,,,,,,,0,0,0,0,,,73.3,9.2,0.0,-850.0,575.0,-12.5,2025-12-21,29.6847,-95.4107,0,0,0,0.6273758343487609,-2.7576548209375,0.8947368421052632,-0.2673610077565023,0.0,0.0,0.0,0.0,0.7731952890025005,0.2491952890025004,0.5236851558919399,0.2618425779459699,0.03,3.0,37.5,53.228283,0.9421207087416678,0.0578792912583322,0.4181207087416677,-0.4661207087416678,0.439223560499364,0.0,0.03,0.0,3.0,0.0,-2.7576548209375,0.6273758343487609
2025,16,IND,SF,0,0,,,,,,,,,0,0,0,0,,,44.0,10.3,1.0,220.0,-270.0,6.0,2025-12-22,39.7601,-86.1639,0,0,0,0.6593235365181792,1.5976051790624994,0.3125,0.3468235365181792,0.4119891079989347,0.2059945539994673,0.03,3.0,0.3674383046181904,-0.1565616953818096,0.0,0.0,0.0,0.0,45.5,51.131878,0.7133464918170445,0.2866535081829555,0.1893464918170444,-0.2373464918170444,0.1989980488881947,0.0,0.03,0.0,3.0,0.0,1.5976051790624997,0.6593235365181792
2025,16,MIA,CIN,0,0,,,,,,,,,0,0,0,0,,,78.4,10.7,1.0,105.0,-125.0,1.5,2025-12-21,25.958,-80.2389,0,0,0,0.530923052790724,-6.8399018009375,0.4878048780487805,0.04311817474194357,0.0,0.0,0.0,0.0,0.260588903252765,-0.2634110967472349,0.0,0.0,0.0,0.0,50.5,54.100037,0.640577802518622,0.359422197481378,0.1165778025186219,-0.1645778025186219,0.1225869224466717,0.0,0.03,0.0,3.0,0.0,-6.8399018009375,0.530923052790724
2025,16,NO,NYJ,0,0,,,,,,,,,0,0,0,0,,,66.8,6.7,1.0,-185.0,154.0,-3.5,2025-12-21,29.95,-90.0811,0,0,0,0.4003642550736296,-17.9813758209375,0.6491228070175439,-0.24875855194391427,0.0,0.0,0.0,0.0,0.1326498926489551,-0.3913501073510449,0.0,0.0,0.0,0.0,40.5,61.30525,0.9812612895188688,0.018738710481131,0.4572612895188689,-0.505261289518869,0.4803233232626627,0.0,0.03,0.0,3.0,0.0,-17.9813758209375,0.4003642550736296
2025,16,NYG,MIN,0,0,,,,,,,,,0,0,0,0,,,34.4,15.9,1.0,-102.0,-118.0,1.5,2025-12-21,40.8136,-74.0745,0,0,0,0.61235383665856,-9.5109778209375,0.504950495049505,0.10740334160905507,0.0885210800170898,0.0442605400085449,0.03,3.0,0.1984980361983829,-0.3255019638016171,0.0,0.0,0.0,0.0,43.5,38.032707,0.2922823680965259,0.707717631903474,-0.231717631903474,0.183717631903474,0.0,0.1930874363606886,0.0,0.03,0.0,3.0,-9.5109778209375,0.61235383665856
2025,16,SEA,LAR,0,0,,,,,,,,,0,0,0,0,,,46.0,12.3,1.0,-112.0,-108.0,-1.5,2025-12-18,47.5952,-122.3316,0,0,0,0.8276836029320586,10.2338201790625,0.5283018867924528,0.29938171613960574,0.4998974657058715,0.2499487328529357,0.03,3.0,0.8166312987845061,0.2926312987845061,0.6149055548730716,0.3074527774365358,0.03,3.0,47.5,48.400417,0.5358729742356889,0.4641270257643111,0.0118729742356888,-0.0598729742356888,0.0126410934081023,0.0,0.0126410934081023,0.0,1.26,0.0,10.2338201790625,0.8276836029320586
2025,16,TEN,KC,0,0,,,,,,,,,0,0,0,0,,,50.1,8.7,0.0,550.0,-800.0,11.5,2025-12-21,36.1665,-86.7713,0,0,0,0.5861841372280944,-7.6075995509375,0.1538461538461538,0.43233798338194057,0.4358036783608524,0.2179018391804262,0.03,3.0,0.0708058853207666,-0.4531941146792334,0.0,0.0,0.0,0.0,41.5,51.739624,0.8470734831419099,0.1529265168580901,0.3230734831419098,-0.3710734831419099,0.3394187454993982,0.0,0.03,0.0,3.0,0.0,-7.6075995509375,0.5861841372280944
2025,16,WAS,PHI,0,0,,,,,,,,,0,0,0,0,,,46.2,14.5,1.0,210.0,-258.0,5.5,2025-12-20,38.9077,-76.8645,0,0,0,0.7093235365181791,5.9839621790625,,,0.0,0.0,0.0,0.0,0.5148483375028665,-0.0091516624971335,0.0,0.0,0.0,0.0,45.5,54.42364,0.8139011020261795,0.1860988979738204,0.2899011020261794,-0.3379011020261795,0.3045859206644536,0.0,0.03,0.0,3.0,0.0,5.9839621790625,0.7093235365181791
2025,17,ATL,LAR,0,0,,,,,,,,,0,0,0,0,,,47.7,11.9,1.0,,,,2025-12-29,33.7554,-84.4008,0,0,0,0.7367745152741301,0.2811149790624997,,,0.0,0.0,0.0,0.0,,,0.0,0.0,0.0,0.0,,46.729362,,,,,0.0,0.0,0.0,0.0,0.0,0.0,0.2811149790625,0.7367745152741301
2025,17,BUF,PHI,0,0,,,,,,,,,0,0,0,0,,,30.8,20.8,1.0,,,,2025-12-28,42.7738,-78.7864,0,0,0,0.545672666194998,-14.8554218209375,,,0.0,0.0,0.0,0.0,,,0.0,0.0,0.0,0.0,,54.136723,,,,,0.0,0.0,0.0,0.0,0.0,0.0,-14.8554218209375,0.545672666194998
2025,17,CAR,SEA,0,0,,,,,,,,,0,0,0,0,,,45.2,11.0,1.0,,,,2025-12-28,35.2251,-80.8526,0,0,0,0.7116117826729643,8.6818641790625,,,0.0,0.0,0.0,0.0,,,0.0,0.0,0.0,0.0,,57.625328,,,,,0.0,0.0,0.0,0.0,0.0,0.0,8.6818641790625,0.7116117826729643
2025,17,CIN,ARI,0,0,,,,,,,,,0,0,0,0,,,35.7,15.0,1.0,,,,2025-12-28,39.0955,-84.5161,0,0,0,0.61235383665856,-2.1851884209375,,,0.0,0.0,0.0,0.0,,,0.0,0.0,0.0,0.0,,41.969204,,,,,0.0,0.0,0.0,0.0,0.0,0.0,-2.1851884209375,0.61235383665856
2025,17,CLE,PIT,0,0,,,,,,,,,0,0,0,0,,,34.1,21.7,1.0,,,,2025-12-28,41.5061,-81.6995,0,0,0,0.5547891727715362,-10.5269900209375,,,0.0,0.0,0.0,0.0,,,0.0,0.0,0.0,0.0,,38.839916,,,,,0.0,0.0,0.0,0.0,0.0,0.0,-10.5269900209375,0.5547891727715362
2025,17,GB,BAL,0,0,,,,,,,,,0,0,0,0,,,25.1,15.4,1.0,,,,2025-12-27,44.5013,-88.0622,0,0,0,0.61235383665856,-11.9576918209375,,,0.0,0.0,0.0,0.0,,,0.0,0.0,0.0,0.0,,58.319965,,,,,0.0,0.0,0.0,0.0,0.0,0.0,-11.9576918209375,0.61235383665856
2025,17,IND,JAX,0,0,,,,,,,,,0,0,0,0,,,33.2,16.3,1.0,,,,2025-12-28,39.7601,-86.1639,0,0,0,0.61235383665856,-2.9493142209375005,,,0.0,0.0,0.0,0.0,,,0.0,0.0,0.0,0.0,,35.21868,,,,,0.0,0.0,0.0,0.0,0.0,0.0,-2.9493142209375,0.61235383665856
2025,17,KC,DEN,0,0,,,,,,,,,0,0,0,0,,,25.3,8.3,0.0,,,,2025-12-25,39.0489,-94.4839,0,0,0,0.61235383665856,-20.6218068209375,,,0.0,0.0,0.0,0.0,,,0.0,0.0,0.0,0.0,,61.344696,,,,,0.0,0.0,0.0,0.0,0.0,0.0,-20.6218068209375,0.61235383665856
2025,17,LAC,HOU,0,0,,,,,,,,,0,0,0,0,,,55.1,7.4,1.0,,,,2025-12-27,33.9536,-118.3392,0,0,0,0.61235383665856,-16.683706820937502,,,0.0,0.0,0.0,0.0,,,0.0,0.0,0.0,0.0,,49.34721,,,,,0.0,0.0,0.0,0.0,0.0,0.0,-16.683706820937502,0.61235383665856
2025,17,LV,NYG,0,0,,,,,,,,,0,0,0,0,,,44.1,11.0,1.0,,,,2025-12-28,36.0908,-115.183,0,0,0,0.7123969308167326,9.1466461790625,,,0.0,0.0,0.0,0.0,,,0.0,0.0,0.0,0.0,,50.790154,,,,,0.0,0.0,0.0,0.0,0.0,0.0,9.1466461790625,0.7123969308167326
2025,17,MIA,TB,0,0,,,,,,,,,0,0,0,0,,,69.0,15.4,1.0,,,,2025-12-28,25.958,-80.2389,0,0,0,0.61235383665856,-0.5765072209375,,,0.0,0.0,0.0,0.0,,,0.0,0.0,0.0,0.0,,51.87904,,,,,0.0,0.0,0.0,0.0,0.0,0.0,-0.5765072209374997,0.61235383665856
2025,17,MIN,DET,0,0,,,,,,,,,0,0,0,0,,,16.1,7.8,0.0,,,,2025-12-25,44.9737,-93.2575,0,0,0,0.61235383665856,-11.0553981209375,,,0.0,0.0,0.0,0.0,,,0.0,0.0,0.0,0.0,,54.056698,,,,,0.0,0.0,0.0,0.0,0.0,0.0,-11.0553981209375,0.61235383665856
2025,17,NYJ,NE,0,0,,,,,,,,,0,0,0,0,,,38.0,15.0,1.0,,,,2025-12-28,40.8136,-74.0745,0,0,0,0.6593235365181792,-1.5158883209375005,,,0.0,0.0,0.0,0.0,,,0.0,0.0,0.0,0.0,,45.22112,,,,,0.0,0.0,0.0,0.0,0.0,0.0,-1.5158883209375,0.6593235365181792
2025,17,SF,CHI,0,0,,,,,,,,,0,0,0,0,,,49.2,12.5,1.0,,,,2025-12-28,37.403,-121.9692,0,0,0,0.7367745152741301,2.8502411790625004,,,0.0,0.0,0.0,0.0,,,0.0,0.0,0.0,0.0,,57.48731,,,,,0.0,0.0,0.0,0.0,0.0,0.0,2.8502411790625004,0.7367745152741301
2025,17,TEN,NO,0,0,,,,,,,,,0,0,0,0,,,42.5,13.9,1.0,,,,2025-12-28,36.1665,-86.7713,0,0,0,0.7093235365181791,-5.7280015209375,,,0.0,0.0,0.0,0.0,,,0.0,0.0,0.0,0.0,,50.141716,,,,,0.0,0.0,0.0,0.0,0.0,0.0,-5.7280015209375,0.7093235365181791
2025,17,WAS,DAL,0,0,,,,,,,,,0,0,0,0,,,64.3,9.2,1.0,,,,2025-12-25,38.9077,-76.8645,0,0,0,0.4905763647585737,-13.5499128209375,,,0.0,0.0,0.0,0.0,,,0.0,0.0,0.0,0.0,,54.47088,,,,,0.0,0.0,0.0,0.0,0.0,0.0,-13.5499128209375,0.4905763647585737
2025,18,ATL,NO,0,0,,,,,,,,,0,0,0,0,,,43.6,12.8,1.0,,,,2026-01-04,33.7554,-84.4008,0,0,0,0.7367745152741301,-9.6611278209375,,,0.0,0.0,0.0,0.0,,,0.0,0.0,0.0,0.0,,48.471924,,,,,0.0,0.0,0.0,0.0,0.0,0.0,-9.6611278209375,0.7367745152741301
2025,18,BUF,NYJ,0,0,,,,,,,,,0,0,0,0,,,29.9,21.7,1.0,,,,2026-01-04,42.7738,-78.7864,0,0,0,0.5429238132267821,-10.8263143209375,,,0.0,0.0,0.0,0.0,,,0.0,0.0,0.0,0.0,,51.799194,,,,,0.0,0.0,0.0,0.0,0.0,0.0,-10.8263143209375,0.5429238132267821
2025,18,CHI,DET,0,0,,,,,,,,,0,0,0,0,,,26.9,19.9,1.0,,,,2026-01-04,41.8623,-87.6167,0,0,0,0.3585868007570135,-16.3270488209375,,,0.0,0.0,0.0,0.0,,,0.0,0.0,0.0,0.0,,49.30504,,,,,0.0,0.0,0.0,0.0,0.0,0.0,-16.3270488209375,0.3585868007570135
2025,18,CIN,CLE,0,0,,,,,,,,,0,0,0,0,,,33.3,16.3,1.0,,,,2026-01-04,39.0955,-84.5161,0,0,0,0.61235383665856,-2.9493142209375005,,,0.0,0.0,0.0,0.0,,,0.0,0.0,0.0,0.0,,35.21868,,,,,0.0,0.0,0.0,0.0,0.0,0.0,-2.9493142209375,0.61235383665856
2025,18,DEN,LAC,0,0,,,,,,,,,0,0,0,0,,,28.8,14.1,1.0,,,,2026-01-04,39.7439,-105.0201,0,0,0,0.6593235365181792,-2.8382218209375,,,0.0,0.0,0.0,0.0,,,0.0,0.0,0.0,0.0,,54.18159,,,,,0.0,0.0,0.0,0.0,0.0,0.0,-2.8382218209375,0.6593235365181792
2025,18,HOU,IND,0,0,,,,,,,,,0,0,0,0,,,53.9,14.8,1.0,,,,2026-01-04,29.6847,-95.4107,0,0,0,0.8016312233239042,7.7505251790625,,,0.0,0.0,0.0,0.0,,,0.0,0.0,0.0,0.0,,39.024567,,,,,0.0,0.0,0.0,0.0,0.0,0.0,7.7505251790625,0.8016312233239042
2025,18,JAX,TEN,0,0,,,,,,,,,0,0,0,0,,,55.3,13.9,1.0,,,,2026-01-04,30.324,-81.6373,0,0,0,0.61235383665856,-12.4035718209375,,,0.0,0.0,0.0,0.0,,,0.0,0.0,0.0,0.0,,51.501644,,,,,0.0,0.0,0.0,0.0,0.0,0.0,-12.4035718209375,0.61235383665856
2025,18,LAR,ARI,0,0,,,,,,,,,0,0,0,0,,,57.5,5.8,1.0,,,,2026-01-04,33.9536,-118.3392,0,0,0,0.5336693159371245,-15.8561658209375,,,0.0,0.0,0.0,0.0,,,0.0,0.0,0.0,0.0,,61.779144,,,,,0.0,0.0,0.0,0.0,0.0,0.0,-15.8561658209375,0.5336693159371245
2025,18,LV,KC,0,0,,,,,,,,,0,0,0,0,,,46.5,10.1,1.0,,,,2026-01-04,36.0908,-115.183,0,0,0,0.7093235365181791,6.226814179062499,,,0.0,0.0,0.0,0.0,,,0.0,0.0,0.0,0.0,,57.258,,,,,0.0,0.0,0.0,0.0,0.0,0.0,6.226814179062499,0.7093235365181791
2025,18,MIN,GB,0,0,,,,,,,,,0,0,0,0,,,15.5,15.0,1.0,,,,2026-01-04,44.9737,-93.2575,0,0,0,0.61235383665856,0.0399071790625,,,0.0,0.0,0.0,0.0,,,0.0,0.0,0.0,0.0,,48.488377,,,,,0.0,0.0,0.0,0.0,0.0,0.0,0.0399071790625003,0.61235383665856
2025,18,NE,MIA,0,0,,,,,,,,,0,0,0,0,,,31.5,16.1,1.0,,,,2026-01-04,42.0909,-71.2643,0,0,0,0.61235383665856,-3.0102188209375003,,,0.0,0.0,0.0,0.0,,,0.0,0.0,0.0,0.0,,46.592922,,,,,0.0,0.0,0.0,0.0,0.0,0.0,-3.0102188209375003,0.61235383665856
2025,18,NYG,DAL,0,0,,,,,,,,,0,0,0,0,,,35.5,15.7,1.0,,,,2026-01-04,40.8136,-74.0745,0,0,0,0.61235383665856,-6.2097460209375,,,0.0,0.0,0.0,0.0,,,0.0,0.0,0.0,0.0,,43.251198,,,,,0.0,0.0,0.0,0.0,0.0,0.0,-6.2097460209375,0.61235383665856
2025,18,PHI,WAS,0,0,,,,,,,,,0,0,0,0,,,36.6,18.3,1.0,,,,2026-01-04,39.9008,-75.1675,0,0,0,0.3458765140801298,-23.5962778209375,,,0.0,0.0,0.0,0.0,,,0.0,0.0,0.0,0.0,,31.449734,,,,,0.0,0.0,0.0,0.0,0.0,0.0,-23.5962778209375,0.3458765140801298
2025,18,PIT,BAL,0,0,,,,,,,,,0,0,0,0,,,31.7,17.7,1.0,,,,2026-01-04,40.4468,-80.0158,0,0,0,0.5307292870312559,-13.8688894209375,,,0.0,0.0,0.0,0.0,,,0.0,0.0,0.0,0.0,,47.869858,,,,,0.0,0.0,0.0,0.0,0.0,0.0,-13.8688894209375,0.5307292870312559
2025,18,SF,SEA,0,0,,,,,,,,,0,0,0,0,,,49.9,10.7,1.0,,,,2026-01-04,37.403,-121.9692,0,0,0,0.61235383665856,6.461718179062499,,,0.0,0.0,0.0,0.0,,,0.0,0.0,0.0,0.0,,55.02133,,,,,0.0,0.0,0.0,0.0,0.0,0.0,6.461718179062499,0.61235383665856
2025,18,TB,CAR,0,0,,,,,,,,,0,0,0,0,,,58.0,12.5,1.0,,,,2026-01-04,27.9757,-82.5033,0,0,0,0.61235383665856,-5.4458264209375,,,0.0,0.0,0.0,0.0,,,0.0,0.0,0.0,0.0,,55.946842,,,,,0.0,0.0,0.0,0.0,0.0,0.0,-5.4458264209375,0.61235383665856
